WeatherYear|WeatherMonth|WeatherDay|Actual High|Actual Low|Actual Avg|Normal High|Normal Low|Normal Avg|Actual - Normal Avg Difference|Precipitation Amount|Heat Degree Day|Cool Degree Day|Rain Classification
2016|1|1|97|77|87|87|74|80|7|0|0|22|1
2016|1|2|91|76|84|87|74|80|4|0.04|0|19|1
2016|1|3|83|75|79|87|74|80|-1|0|0|14|1
2016|1|4|84|75|80|87|74|80|0|0.16|0|15|2
2016|1|5|84|70|77|87|74|80|-3|0.08|0|12|1
2016|1|6|83|71|77|87|74|80|-3|0|0|12|1
2016|1|7|89|73|81|87|74|81|0|0|0|16|1
2016|1|8|92|77|85|87|74|81|4|0|0|20|1
2016|1|9|90|79|85|88|74|81|4|0|0|20|1
2016|1|10|91|78|85|88|74|81|4|0|0|20|1
2016|1|11|92|78|85|88|74|81|4|0|0|20|1
2016|1|12|88|80|84|88|74|81|3|0.04|0|19|1
2016|1|13|96|77|87|88|74|81|6|0|0|22|1
2016|1|14|95|76|86|88|74|81|5|0|0|21|1
2016|1|15|94|79|87|88|74|81|6|0.03|0|22|1
2016|1|16|91|75|83|88|74|81|2|0.12|0|18|2
2016|1|17|83|72|78|88|74|81|-3|1.26|0|13|5
2016|1|18|76|71|74|88|74|81|-7|0.08|0|9|1
2016|1|19|85|73|79|88|74|81|-2|1.54|0|14|5
2016|1|20|82|74|78|88|74|81|-3|0.2|0|13|2
2016|1|21|75|73|74|89|74|81|-7|0.04|0|9|1
2016|1|22|79|72|76|89|74|82|-6|0.55|0|11|4
2016|1|23|82|73|78|89|74|82|-4|0.08|0|13|1
2016|1|24|84|73|79|89|74|82|-3|0.02|0|14|1
2016|1|25|86|76|81|89|75|82|-1|1.02|0|16|5
2016|1|26|91|78|85|89|75|82|3|0|0|20|1
2016|1|27|89|78|84|89|75|82|2|0|0|19|1
2016|1|28|87|78|83|89|75|82|1|0|0|18|1
2016|1|29|87|75|81|89|75|82|-1|0|0|16|1
2016|1|30|89|73|81|89|75|82|-1|0|0|16|1
2016|1|31|86|73|80|90|75|82|-2|0|0|15|1
2016|2|1|90|75|83|90|75|82|1|0|0|18|1
2016|2|2|92|77|85|90|75|82|3|0|0|20|1
2016|2|3|90|76|83|90|75|82|1|0|0|18|1
2016|2|4|91|75|83|90|75|82|1|0|0|18|1
2016|2|5|89|73|81|90|75|82|-1|0|0|16|1
2016|2|6|87|74|81|90|75|83|-2|0|0|16|1
2016|2|7|93|77|85|90|75|83|2|0|0|20|1
2016|2|8|92|73|83|90|75|83|0|0|0|18|1
2016|2|9|92|75|84|90|75|83|1|0|0|19|1
2016|2|10|95|76|86|90|75|83|3|0|0|21|1
2016|2|11|92|73|83|90|75|83|0|0|0|18|1
2016|2|12|84|72|78|90|75|83|-5|0.24|0|13|2
2016|2|13|85|71|78|90|75|83|-5|0|0|13|1
2016|2|14|93|78|86|90|75|83|3|0|0|21|1
2016|2|15|95|79|87|90|75|83|4|0|0|22|1
2016|2|16|93|79|86|90|75|83|3|0|0|21|1
2016|2|17|94|79|87|90|75|83|4|0|0|22|1
2016|2|18|92|76|84|90|75|83|1|0|0|19|1
2016|2|19|93|78|86|90|75|83|3|0|0|21|1
2016|2|20|92|78|85|90|75|83|2|0|0|20|1
2016|2|21|90|78|84|90|75|83|1|0|0|19|1
2016|2|22|91|76|84|90|75|83|1|0.12|0|19|2
2016|2|23|90|75|83|90|75|82|1|0|0|18|1
2016|2|24|91|74|83|90|75|82|1|0|0|18|1
2016|2|25|95|78|87|90|75|82|5|0|0|22|1
2016|2|26|94|80|87|90|75|82|5|0|0|22|1
2016|2|27|93|80|87|90|75|82|5|0|0|22|1
2016|2|28|96|79|88|90|75|82|6|0|0|23|1
2016|2|29|94|77|86|90|75|82|4|0|0|21|1
2016|3|1|81|76|79|89|75|82|-3|0|0|14|1
2016|3|2|87|74|81|89|75|82|-1|0|0|16|1
2016|3|3|91|76|84|89|75|82|2|0|0|19|1
2016|3|4|92|73|83|89|75|82|1|0.59|0|18|4
2016|3|5|92|72|82|89|74|82|0|0|0|17|1
2016|3|6|91|76|84|89|74|82|2|0|0|19|1
2016|3|7|90|75|83|89|74|82|1|0|0|18|1
2016|3|8|89|75|82|89|74|82|0|0|0|17|1
2016|3|9|91|75|83|89|74|81|2|0|0|18|1
2016|3|10|91|75|83|89|74|81|2|0|0|18|1
2016|3|11|93|79|86|88|74|81|5|0|0|21|1
2016|3|12|96|79|88|88|74|81|7|0|0|23|1
2016|3|13|84|76|80|88|74|81|-1|0.01|0|15|1
2016|3|14|84|74|79|88|74|81|-2|0.03|0|14|1
2016|3|15|86|73|80|88|74|81|-1|0.28|0|15|3
2016|3|16|84|74|79|88|74|81|-2|1.06|0|14|5
2016|3|17|86|73|80|88|74|81|-1|1.34|0|15|5
2016|3|18|85|73|79|88|74|81|-2|0.04|0|14|1
2016|3|19|84|73|79|88|74|81|-2|0.01|0|14|1
2016|3|20|86|75|81|88|74|81|0|0.16|0|16|2
2016|3|21|85|73|79|87|74|81|-2|0|0|14|1
2016|3|22|91|74|83|87|74|81|2|0|0|18|1
2016|3|23|94|76|85|87|74|81|4|0|0|20|1
2016|3|24|84|76|80|87|74|80|0|0|0|15|1
2016|3|25|89|75|82|87|74|80|2|0|0|17|1
2016|3|26|89|76|83|87|74|80|3|0|0|18|1
2016|3|27|89|76|83|87|74|80|3|0|0|18|1
2016|3|28|90|73|82|87|74|80|2|0|0|17|1
2016|3|29|91|74|83|87|74|80|3|0|0|18|1
2016|3|30|90|74|82|87|74|80|2|0|0|17|1
2016|3|31|90|76|83|87|74|80|3|0|0|18|1
2016|4|1|92|76|84|87|74|80|4|0|0|19|1
2016|4|2|84|74|79|87|73|80|-1|0|0|14|1
2016|4|3|89|76|83|87|73|80|3|0|0|18|1
2016|4|4|90|75|83|87|73|80|3|0.2|0|18|2
2016|4|5|86|73|80|86|73|80|0|0|0|15|1
2016|4|6|87|73|80|86|73|80|0|0|0|15|1
2016|4|7|89|73|81|86|73|80|1|0|0|16|1
2016|4|8|91|73|82|86|73|80|2|0|0|17|1
2016|4|9|90|71|81|86|73|80|1|0|0|16|1
2016|4|10|92|71|82|86|73|80|2|0|0|17|1
2016|4|11|90|72|81|86|73|80|1|0|0|16|1
2016|4|12|87|73|80|86|73|80|0|0.12|0|15|2
2016|4|13|89|74|82|86|73|80|2|0.08|0|17|1
2016|4|14|90|72|81|86|73|80|1|0|0|16|1
2016|4|15|91|71|81|86|73|79|2|0|0|16|1
2016|4|16|90|70|80|86|73|79|1|0|0|15|1
2016|4|17|88|73|81|86|73|79|2|0.05|0|16|1
2016|4|18|87|75|81|86|73|79|2|0|0|16|1
2016|4|19|86|75|81|86|73|79|2|0.01|0|16|1
2016|4|20|88|75|82|86|73|79|3|0.08|0|17|1
2016|4|21|87|74|81|86|73|79|2|0|0|16|1
2016|4|22|89|72|81|86|72|79|2|0|0|16|1
2016|4|23|88|70|79|86|72|79|0|0|0|14|1
2016|4|24|88|70|79|85|72|79|0|0|0|14|1
2016|4|25|90|74|82|85|72|79|3|0|0|17|1
2016|4|26|93|78|86|85|72|79|7|0|0|21|1
2016|4|27|92|76|84|85|72|79|5|0|0|19|1
2016|4|28|80|72|76|85|72|79|-3|0|0|11|1
2016|4|29|75|71|73|85|72|79|-6|0.01|0|8|1
2016|4|30|81|70|76|85|72|78|-2|0|0|11|1
2016|5|1|77|70|74|85|72|78|-4|0|0|9|1
2016|5|2|81|69|75|85|72|78|-3|0|0|10|1
2016|5|3|79|69|74|85|71|78|-4|0|0|9|1
2016|5|4|87|68|78|85|71|78|0|0|0|13|1
2016|5|5|81|67|74|85|71|78|-4|0|0|9|1
2016|5|6|82|67|75|85|71|78|-3|0|0|10|1
2016|5|7|89|71|80|85|71|78|2|0|0|15|1
2016|5|8|87|73|80|85|71|78|2|0|0|15|1
2016|5|9|89|71|80|85|71|78|2|0|0|15|1
2016|5|10|91|71|81|84|71|78|3|0|0|16|1
2016|5|11|85|72|79|84|71|77|2|0|0|14|1
2016|5|12|83|72|78|84|70|77|1|0.47|0|13|3
2016|5|13|82|72|77|84|70|77|0|0|0|12|1
2016|5|14|78|71|75|84|70|77|-2|0|0|10|1
2016|5|15|79|68|74|84|70|77|-3|0|0|9|1
2016|5|16|91|69|80|84|70|77|3|0|0|15|1
2016|5|17|84|73|79|84|70|77|2|0|0|14|1
2016|5|18|81|73|77|84|70|77|0|0|0|12|1
2016|5|19|79|73|76|84|69|77|-1|0.16|0|11|2
2016|5|20|81|73|77|84|69|76|1|0.16|0|12|2
2016|5|21|82|73|78|83|69|76|2|0|0|13|1
2016|5|22|89|74|82|83|69|76|6|0|0|17|1
2016|5|23|92|71|82|83|69|76|6|0|0|17|1
2016|5|24|81|71|76|83|69|76|0|0|0|11|1
2016|5|25|78|66|72|83|69|76|-4|0|0|7|1
2016|5|26|79|63|71|83|68|76|-5|0|0|6|1
2016|5|27|79|62|71|83|68|76|-5|0|0|6|1
2016|5|28|79|61|70|83|68|75|-5|0|0|5|1
2016|5|29|78|66|72|83|68|75|-3|0|0|7|1
2016|5|30|90|65|78|82|68|75|3|0|0|13|1
2016|5|31|85|68|77|82|68|75|2|0|0|12|1
2016|6|1|89|68|79|82|68|75|4|0.01|0|14|1
2016|6|2|86|71|79|82|67|75|4|0|0|14|1
2016|6|3|81|74|78|82|67|75|3|0|0|13|1
2016|6|4|85|73|79|82|67|75|4|0|0|14|1
2016|6|5|88|72|80|82|67|74|6|0|0|15|1
2016|6|6|92|75|84|82|67|74|10|0|0|19|1
2016|6|7|81|72|77|82|67|74|3|0|0|12|1
2016|6|8|78|69|74|82|67|74|0|0.2|0|9|2
2016|6|9|70|67|69|81|67|74|-5|0|0|4|1
2016|6|10|76|68|72|81|66|74|-2|0.01|0|7|1
2016|6|11|74|67|71|81|66|74|-3|0.02|0|6|1
2016|6|12|69|65|67|81|66|74|-7|0|0|2|1
2016|6|13|72|65|69|81|66|74|-5|0|0|4|1
2016|6|14|77|58|68|81|66|74|-6|0|0|3|1
2016|6|15|76|56|66|81|66|73|-7|0|0|1|1
2016|6|16|77|59|68|81|66|73|-5|0|0|3|1
2016|6|17|80|58|69|81|66|73|-4|0|0|4|1
2016|6|18|84|56|70|81|66|73|-3|0|0|5|1
2016|6|19|76|60|68|81|66|73|-5|0|0|3|1
2016|6|20|77|66|72|81|66|73|-1|0.24|0|7|2
2016|6|21|76|67|72|81|65|73|-1|0.63|0|7|4
2016|6|22|71|64|68|81|65|73|-5|0.35|0|3|3
2016|6|23|83|64|74|80|65|73|1|0|0|9|1
2016|6|24|76|67|72|80|65|73|-1|0.02|0|7|1
2016|6|25|74|64|69|80|65|73|-4|0.24|0|4|2
2016|6|26|74|60|67|80|65|73|-6|0.2|0|2|2
2016|6|27|72|65|69|80|65|73|-4|0.35|0|4|3
2016|6|28|77|66|72|80|65|73|-1|0|0|7|1
2016|6|29|76|64|70|80|65|73|-3|0.13|0|5|2
2016|6|30|78|68|73|80|65|73|0|0|0|8|1
2016|7|1|80|68|74|80|65|73|1|0|0|9|1
2016|7|2|79|67|73|80|65|73|0|0|0|8|1
2016|7|3|80|65|73|80|65|73|0|0.35|0|8|3
2016|7|4|79|66|73|80|65|72|1|0.04|0|8|1
2016|7|5|81|64|73|80|65|72|1|0.04|0|8|1
2016|7|6|83|66|75|80|65|72|3|0|0|10|1
2016|7|7|83|69|76|80|65|72|4|0|0|11|1
2016|7|8|75|68|72|80|65|72|0|0|0|7|1
2016|7|9|76|59|68|80|65|72|-4|0|0|3|1
2016|7|10|83|58|71|80|65|72|-1|0|0|6|1
2016|7|11|84|64|74|80|65|72|2|0|0|9|1
2016|7|12|86|63|75|80|65|72|3|0|0|10|1
2016|7|13|88|61|75|80|65|72|3|0|0|10|1
2016|7|14|83|61|72|80|65|72|0|0|0|7|1
2016|7|15|90|69|80|80|65|72|8|0|0|15|1
2016|7|16|92|66|79|80|65|72|7|0|0|14|1
2016|7|17|76|67|72|80|65|72|0|0|0|7|1
2016|7|18|69|66|68|80|65|72|-4|0|0|3|1
2016|7|19|74|66|70|80|65|72|-2|0|0|5|1
2016|7|20|80|67|74|80|65|72|2|0|0|9|1
2016|7|21|76|68|72|80|65|72|0|0.12|0|7|2
2016|7|22|75|65|70|80|65|72|-2|0|0|5|1
2016|7|23|70|64|67|80|65|72|-5|0.12|0|2|2
2016|7|24|79|66|73|80|65|72|1|0.04|0|8|1
2016|7|25|85|64|75|80|65|72|3|0|0|10|1
2016|7|26|81|62|72|80|65|73|-1|0|0|7|1
2016|7|27|87|64|76|80|65|73|3|0|0|11|1
2016|7|28|76|70|73|80|65|73|0|0.02|0|8|1
2016|7|29|78|65|72|80|65|73|-1|0.59|0|7|4
2016|7|30|69|65|67|80|65|73|-6|1.06|0|2|5
2016|7|31|76|60|68|80|65|73|-5|0|0|3|1
2016|8|1|66|59|63|80|65|73|-10|0|2|0|1
2016|8|2|84|64|74|80|65|73|1|0|0|9|1
2016|8|3|77|65|71|80|65|73|-2|0.39|0|6|3
2016|8|4|75|65|70|80|65|73|-3|0|0|5|1
2016|8|5|77|63|70|80|65|73|-3|0|0|5|1
2016|8|6|81|63|72|80|66|73|-1|0|0|7|1
2016|8|7|85|32|59|80|66|73|-14|0|6|0|1
2016|8|8|79|67|73|80|66|73|0|0|0|8|1
2016|8|9|84|66|75|80|66|73|2|0|0|10|1
2016|8|10|84|67|76|80|66|73|3|0|0|11|1
2016|8|11|73|67|70|80|66|73|-3|0|0|5|1
2016|8|12|76|64|70|80|66|73|-3|0|0|5|1
2016|8|13|76|63|70|80|66|73|-3|0|0|5|1
2016|8|14|83|63|73|80|66|73|0|0|0|8|1
2016|8|15|85|66|76|80|66|73|3|0|0|11|1
2016|8|16|88|69|79|80|66|73|6|0|0|14|1
2016|8|17|86|68|77|80|66|73|4|0|0|12|1
2016|8|18|88|70|79|80|66|73|6|0|0|14|1
2016|8|19|82|32|57|80|66|73|-16|0|8|0|1
2016|8|20|87|73|80|80|66|73|7|0|0|15|1
2016|8|21|92|72|82|80|66|73|9|0|0|17|1
2016|8|22|72|67|70|80|66|73|-3|0|0|5|1
2016|8|23|72|67|70|80|67|73|-3|0|0|5|1
2016|8|24|76|64|70|80|67|73|-3|0|0|5|1
2016|8|25|77|59|68|80|67|73|-5|0|0|3|1
2016|8|26|80|59|70|80|67|73|-3|0|0|5|1
2016|8|27|82|60|71|80|67|73|-2|0|0|6|1
2016|8|28|81|64|73|80|67|73|0|0|0|8|1
2016|8|29|83|71|77|80|67|73|4|0|0|12|1
2016|8|30|83|71|77|80|67|73|4|0.02|0|12|1
2016|8|31|82|72|77|80|67|73|4|0.03|0|12|1
2016|9|1|83|69|76|80|67|73|3|0|0|11|1
2016|9|2|84|67|76|80|67|74|2|0.08|0|11|1
2016|9|3|81|67|74|80|67|74|0|0.16|0|9|2
2016|9|4|83|67|75|80|67|74|1|0|0|10|1
2016|9|5|82|68|75|80|67|74|1|0|0|10|1
2016|9|6|84|67|76|80|67|74|2|0|0|11|1
2016|9|7|87|72|80|80|68|74|6|0|0|15|1
2016|9|8|85|72|79|80|68|74|5|0|0|14|1
2016|9|9|85|69|77|80|68|74|3|0|0|12|1
2016|9|10|83|66|75|80|68|74|1|0|0|10|1
2016|9|11|84|65|75|80|68|74|1|0|0|10|1
2016|9|12|84|66|75|80|68|74|1|0|0|10|1
2016|9|13|85|73|79|80|68|74|5|0|0|14|1
2016|9|14|91|74|83|80|68|74|9|0|0|18|1
2016|9|15|90|70|80|80|68|74|6|0.08|0|15|1
2016|9|16|75|69|72|80|68|74|-2|0|0|7|1
2016|9|17|83|67|75|80|68|74|1|0|0|10|1
2016|9|18|88|73|81|80|68|74|7|0|0|16|1
2016|9|19|89|73|81|80|68|74|7|0|0|16|1
2016|9|20|79|67|73|80|68|74|-1|0.28|0|8|3
2016|9|21|74|67|71|80|68|74|-3|0|0|6|1
2016|9|22|78|66|72|80|69|74|-2|0|0|7|1
2016|9|23|78|65|72|80|69|75|-3|0|0|7|1
2016|9|24|85|69|77|80|69|75|2|0|0|12|1
2016|9|25|81|69|75|81|69|75|0|0.04|0|10|1
2016|9|26|76|67|72|81|69|75|-3|0|0|7|1
2016|9|27|76|68|72|81|69|75|-3|0|0|7|1
2016|9|28|77|68|73|81|69|75|-2|0|0|8|1
2016|9|29|93|70|82|81|69|75|7|0|0|17|1
2016|9|30|82|71|77|81|69|75|2|0|0|12|1
2016|10|1|75|66|71|81|69|75|-4|0.94|0|6|4
2016|10|2|71|65|68|81|69|75|-7|0.08|0|3|1
2016|10|3|74|65|70|81|69|75|-5|0.08|0|5|1
2016|10|4|74|67|71|81|69|75|-4|0.28|0|6|3
2016|10|5|81|69|75|81|69|75|0|0.04|0|10|1
2016|10|6|71|68|70|81|69|75|-5|0.08|0|5|1
2016|10|7|79|68|74|81|69|75|-1|0|0|9|1
2016|10|8|80|65|73|81|70|76|-3|0|0|8|1
2016|10|9|86|64|75|82|70|76|-1|0.02|0|10|1
2016|10|10|74|70|72|82|70|76|-4|0.24|0|7|2
2016|10|11|75|69|72|82|70|76|-4|0.02|0|7|1
2016|10|12|78|69|74|82|70|76|-2|0|0|9|1
2016|10|13|82|70|76|82|70|76|0|0|0|11|1
2016|10|14|86|74|80|82|70|76|4|0|0|15|1
2016|10|15|88|74|81|82|70|76|5|0|0|16|1
2016|10|16|85|74|80|82|70|76|4|0|0|15|1
2016|10|17|83|73|78|82|70|76|2|0|0|13|1
2016|10|18|89|75|82|82|70|76|6|0|0|17|1
2016|10|19|89|74|82|82|70|76|6|0|0|17|1
2016|10|20|91|76|84|82|70|76|8|0|0|19|1
2016|10|21|91|76|84|82|70|76|8|0|0|19|1
2016|10|22|78|74|76|83|71|77|-1|0.04|0|11|1
2016|10|23|77|72|75|83|71|77|-2|0|0|10|1
2016|10|24|85|71|78|83|71|77|1|0|0|13|1
2016|10|25|87|75|81|83|71|77|4|0|0|16|1
2016|10|26|87|75|81|83|71|77|4|0|0|16|1
2016|10|27|85|75|80|83|71|77|3|0|0|15|1
2016|10|28|91|70|81|83|71|77|4|0.63|0|16|4
2016|10|29|71|67|69|83|71|77|-8|0.08|0|4|1
2016|10|30|74|68|71|83|71|77|-6|0|0|6|1
2016|10|31|78|68|73|83|71|77|-4|0|0|8|1
2016|11|1|79|68|74|83|71|77|-3|0.28|0|9|3
2016|11|2|81|72|77|83|71|77|0|0.16|0|12|2
2016|11|3|87|74|81|83|71|77|4|0|0|16|1
2016|11|4|84|74|79|83|71|77|2|0|0|14|1
2016|11|5|83|70|77|83|71|77|0|0|0|12|1
2016|11|6|84|69|77|83|72|78|-1|0|0|12|1
2016|11|7|80|70|75|84|72|78|-3|0.08|0|10|1
2016|11|8|82|70|76|84|72|78|-2|0.2|0|11|2
2016|11|9|84|70|77|84|72|78|-1|0.01|0|12|1
2016|11|10|87|75|81|84|72|78|3|0|0|16|1
2016|11|11|90|76|83|84|72|78|5|0|0|18|1
2016|11|12|90|77|84|84|72|78|6|0.24|0|19|2
2016|11|13|79|71|75|84|72|78|-3|0.98|0|10|4
2016|11|14|75|71|73|84|72|78|-5|1.14|0|8|5
2016|11|15|87|71|79|84|72|78|1|0.04|0|14|1
2016|11|16|89|75|82|84|72|78|4|0|0|17|1
2016|11|17|91|77|84|84|72|78|6|0.02|0|19|1
2016|11|18|82|68|75|84|72|78|-3|2.32|0|10|6
2016|11|19|78|66|72|84|72|78|-6|0|0|7|1
2016|11|20|76|61|69|84|72|78|-9|0|0|4|1
2016|11|21|81|63|72|84|72|78|-6|0|0|7|1
2016|11|22|89|71|80|85|72|78|2|0.55|0|15|4
2016|11|23|75|70|73|85|72|79|-6|0.08|0|8|1
2016|11|24|80|73|77|85|72|79|-2|0.12|0|12|2
2016|11|25|80|70|75|85|72|79|-4|0|0|10|1
2016|11|26|82|70|76|85|73|79|-3|0|0|11|1
2016|11|27|81|73|77|85|73|79|-2|0|0|12|1
2016|11|28|85|72|79|85|73|79|0|0|0|14|1
2016|11|29|91|76|84|85|73|79|5|0.24|0|19|2
2016|11|30|78|71|75|85|73|79|-4|0.01|0|10|1
2016|12|1|81|71|76|85|73|79|-3|0|0|11|1
2016|12|2|79|70|75|85|73|79|-4|0.08|0|10|1
2016|12|3|82|70|76|85|73|79|-3|0|0|11|1
2016|12|4|86|75|81|85|73|79|2|0.63|0|16|4
2016|12|5|88|74|81|85|73|79|2|0.04|0|16|1
2016|12|6|81|74|78|85|73|79|-1|0|0|13|1
2016|12|7|86|75|81|86|73|79|2|0|0|16|1
2016|12|8|87|76|82|86|73|79|3|0|0|17|1
2016|12|9|92|76|84|86|73|79|5|0.2|0|19|2
2016|12|10|87|76|82|86|73|79|3|0.08|0|17|1
2016|12|11|92|77|85|86|73|79|6|0.08|0|20|1
2016|12|12|90|76|83|86|73|79|4|0|0|18|1
2016|12|13|91|79|85|86|73|79|6|0|0|20|1
2016|12|14|90|78|84|86|73|79|5|0|0|19|1
2016|12|15|85|70|78|86|73|80|-2|0.04|0|13|1
2016|12|16|79|69|74|86|73|80|-6|0.87|0|9|4
2016|12|17|82|70|76|86|73|80|-4|0.47|0|11|3
2016|12|18|85|72|79|86|73|80|-1|0.08|0|14|1
2016|12|19|83|72|78|86|73|80|-2|0|0|13|1
2016|12|20|84|71|78|86|73|80|-2|0|0|13|1
2016|12|21|83|72|78|86|73|80|-2|0.12|0|13|2
2016|12|22|89|73|81|86|73|80|1|0|0|16|1
2016|12|23|87|73|80|86|73|80|0|0|0|15|1
2016|12|24|88|75|82|86|73|80|2|0|0|17|1
2016|12|25|93|78|86|87|73|80|6|0|0|21|1
2016|12|26|91|76|84|87|73|80|4|0|0|19|1
2016|12|27|91|77|84|87|73|80|4|0|0|19|1
2016|12|28|92|78|85|87|73|80|5|0|0|20|1
2016|12|29|95|78|87|87|73|80|7|0|0|22|1
2016|12|30|93|77|85|87|73|80|5|0|0|20|1
2016|12|31|92|77|85|87|73|80|5|0|0|20|1
2017|1|1|92|77|85|87|74|80|5|0|0|20|1
2017|1|2|93|77|85|87|74|80|5|0|0|20|1
2017|1|3|93|78|86|87|74|80|6|0|0|21|1
2017|1|4|90|78|84|87|74|80|4|0|0|19|1
2017|1|5|92|76|84|87|74|80|4|0|0|19|1
2017|1|6|91|78|85|87|74|80|5|0|0|20|1
2017|1|7|92|77|85|87|74|81|4|0|0|20|1
2017|1|8|90|76|83|87|74|81|2|0|0|18|1
2017|1|9|91|78|85|88|74|81|4|0|0|20|1
2017|1|10|94|78|86|88|74|81|5|0|0|21|1
2017|1|11|91|78|85|88|74|81|4|0.16|0|20|2
2017|1|12|91|76|84|88|74|81|3|0.63|0|19|4
2017|1|13|89|74|82|88|74|81|1|0|0|17|1
2017|1|14|90|78|84|88|74|81|3|0|0|19|1
2017|1|15|87|78|83|88|74|81|2|0|0|18|1
2017|1|16|88|73|81|88|74|81|0|0|0|16|1
2017|1|17|87|73|80|88|74|81|-1|0|0|15|1
2017|1|18|89|74|82|88|74|81|1|0|0|17|1
2017|1|19|90|73|82|88|74|81|1|0|0|17|1
2017|1|20|89|72|81|88|74|81|0|0|0|16|1
2017|1|21|89|73|81|89|74|81|0|0|0|16|1
2017|1|22|90|72|81|89|74|82|-1|0|0|16|1
2017|1|23|91|72|82|89|74|82|0|0|0|17|1
2017|1|24|91|78|85|89|74|82|3|0|0|20|1
2017|1|25|90|78|84|89|75|82|2|0|0|19|1
2017|1|26|93|78|86|89|75|82|4|0|0|21|1
2017|1|27|91|76|84|89|75|82|2|0|0|19|1
2017|1|28|91|74|83|89|75|82|1|0.47|0|18|3
2017|1|29|88|75|82|89|75|82|0|0.02|0|17|1
2017|1|30|87|74|81|89|75|82|-1|0|0|16|1
2017|1|31|88|73|81|90|75|82|-1|0|0|16|1
2017|2|1|89|72|81|90|75|82|-1|0|0|16|1
2017|2|2|91|76|84|90|75|82|2|0|0|19|1
2017|2|3|91|74|83|90|75|82|1|0.08|0|18|1
2017|2|4|89|74|82|90|75|82|0|0.03|0|17|1
2017|2|5|90|77|84|90|75|82|2|0.02|0|19|1
2017|2|6|87|78|83|90|75|83|0|0.12|0|18|2
2017|2|7|89|75|82|90|75|83|-1|0.01|0|17|1
2017|2|8|89|74|82|90|75|83|-1|0.08|0|17|1
2017|2|9|82|73|78|90|75|83|-5|0.04|0|13|1
2017|2|10|88|72|80|90|75|83|-3|0|0|15|1
2017|2|11|89|73|81|90|75|83|-2|0|0|16|1
2017|2|12|89|73|81|90|75|83|-2|0.12|0|16|2
2017|2|13|88|73|81|90|75|83|-2|0.43|0|16|3
2017|2|14|87|73|80|90|75|83|-3|0.28|0|15|3
2017|2|15|87|74|81|90|75|83|-2|0|0|16|1
2017|2|16|87|73|80|90|75|83|-3|0.08|0|15|1
2017|2|17|90|74|82|90|75|83|-1|0|0|17|1
2017|2|18|90|75|83|90|75|83|0|0|0|18|1
2017|2|19|89|73|81|90|75|83|-2|0.2|0|16|2
2017|2|20|87|73|80|90|75|83|-3|0.24|0|15|2
2017|2|21|88|73|81|90|75|83|-2|0.16|0|16|2
2017|2|22|87|72|80|90|75|83|-3|0.03|0|15|1
2017|2|23|88|73|81|90|75|82|-1|0.02|0|16|1
2017|2|24|92|74|83|90|75|82|1|0|0|18|1
2017|2|25|88|78|83|90|75|82|1|0|0|18|1
2017|2|26|91|75|83|90|75|82|1|0|0|18|1
2017|2|27|93|74|84|90|75|82|2|0|0|19|1
2017|2|28|94|79|87|90|75|82|5|0|0|22|1
2017|3|1|93|79|86|89|75|82|4|0|0|21|1
2017|3|2|94|78|86|89|75|82|4|0|0|21|1
2017|3|3|92|77|85|89|75|82|3|0|0|20|1
2017|3|4|91|75|83|89|75|82|1|0|0|18|1
2017|3|5|95|78|87|89|74|82|5|0|0|22|1
2017|3|6|96|78|87|89|74|82|5|0|0|22|1
2017|3|7|89|77|83|89|74|82|1|0|0|18|1
2017|3|8|91|78|85|89|74|82|3|0.04|0|20|1
2017|3|9|91|76|84|89|74|81|3|0.43|0|19|3
2017|3|10|92|74|83|89|74|81|2|0|0|18|1
2017|3|11|90|73|82|88|74|81|1|0|0|17|1
2017|3|12|91|73|82|88|74|81|1|0|0|17|1
2017|3|13|94|73|84|88|74|81|3|0|0|19|1
2017|3|14|90|74|82|88|74|81|1|0.12|0|17|2
2017|3|15|87|74|81|88|74|81|0|0.16|0|16|2
2017|3|16|88|73|81|88|74|81|0|0.01|0|16|1
2017|3|17|94|73|84|88|74|81|3|0|0|19|1
2017|3|18|88|75|82|88|74|81|1|0|0|17|1
2017|3|19|88|74|81|88|74|81|0|0.08|0|16|1
2017|3|20|83|70|77|88|74|81|-4|0.2|0|12|2
2017|3|21|89|69|79|87|74|81|-2|0.01|0|14|1
2017|3|22|87|71|79|87|74|81|-2|0.12|0|14|2
2017|3|23|84|70|77|87|74|81|-4|0|0|12|1
2017|3|24|83|71|77|87|74|80|-3|0.04|0|12|1
2017|3|25|88|73|81|87|74|80|1|0|0|16|1
2017|3|26|85|72|79|87|74|80|-1|0|0|14|1
2017|3|27|86|75|81|87|74|80|1|0.12|0|16|2
2017|3|28|80|71|76|87|74|80|-4|0.24|0|11|2
2017|3|29|87|70|79|87|74|80|-1|0|0|14|1
2017|3|30|84|70|77|87|74|80|-3|0|0|12|1
2017|3|31|83|68|76|87|74|80|-4|0.35|0|11|3
2017|4|1|82|68|75|87|74|80|-5|0|0|10|1
2017|4|2|83|68|76|87|73|80|-4|0.03|0|11|1
2017|4|3|83|70|77|87|73|80|-3|0|0|12|1
2017|4|4|86|69|78|87|73|80|-2|0|0|13|1
2017|4|5|88|72|80|86|73|80|0|0|0|15|1
2017|4|6|93|74|84|86|73|80|4|0|0|19|1
2017|4|7|93|77|85|86|73|80|5|0|0|20|1
2017|4|8|92|73|83|86|73|80|3|0|0|18|1
2017|4|9|91|72|82|86|73|80|2|0|0|17|1
2017|4|10|87|75|81|86|73|80|1|0.12|0|16|2
2017|4|11|87|74|81|86|73|80|1|0|0|16|1
2017|4|12|90|73|82|86|73|80|2|0.03|0|17|1
2017|4|13|82|70|76|86|73|80|-4|0.16|0|11|2
2017|4|14|79|73|76|86|73|80|-4|0.02|0|11|1
2017|4|15|84|72|78|86|73|79|-1|0|0|13|1
2017|4|16|85|70|78|86|73|79|-1|0|0|13|1
2017|4|17|89|70|80|86|73|79|1|0|0|15|1
2017|4|18|81|70|76|86|73|79|-3|0.08|0|11|1
2017|4|19|77|68|73|86|73|79|-6|0.24|0|8|2
2017|4|20|82|67|75|86|73|79|-4|0|0|10|1
2017|4|21|87|68|78|86|73|79|-1|0|0|13|1
2017|4|22|96|69|83|86|72|79|4|0|0|18|1
2017|4|23|78|73|76|86|72|79|-3|0.04|0|11|1
2017|4|24|80|72|76|85|72|79|-3|0.08|0|11|1
2017|4|25|81|70|76|85|72|79|-3|0|0|11|1
2017|4|26|88|70|79|85|72|79|0|0|0|14|1
2017|4|27|93|74|84|85|72|79|5|0.12|0|19|2
2017|4|28|81|71|76|85|72|79|-3|0.12|0|11|2
2017|4|29|77|70|74|85|72|79|-5|0.08|0|9|1
2017|4|30|81|70|76|85|72|78|-2|0.08|0|11|1
2017|5|1|82|70|76|85|72|78|-2|0|0|11|1
2017|5|2|82|65|74|85|72|78|-4|0|0|9|1
2017|5|3|81|65|73|85|71|78|-5|0|0|8|1
2017|5|4|83|67|75|85|71|78|-3|0|0|10|1
2017|5|5|86|65|76|85|71|78|-2|0|0|11|1
2017|5|6|88|68|78|85|71|78|0|0.24|0|13|2
2017|5|7|79|71|75|85|71|78|-3|0.16|0|10|2
2017|5|8|80|70|75|85|71|78|-3|0|0|10|1
2017|5|9|86|69|78|85|71|78|0|0|0|13|1
2017|5|10|84|68|76|84|71|78|-2|0|0|11|1
2017|5|11|84|71|78|84|71|77|1|0|0|13|1
2017|5|12|78|64|71|84|70|77|-6|0|0|6|1
2017|5|13|84|62|73|84|70|77|-4|0|0|8|1
2017|5|14|91|62|77|84|70|77|0|0|0|12|1
2017|5|15|81|73|77|84|70|77|0|0|0|12|1
2017|5|16|81|68|75|84|70|77|-2|0.08|0|10|1
2017|5|17|78|68|73|84|70|77|-4|0.04|0|8|1
2017|5|18|76|67|72|84|70|77|-5|0|0|7|1
2017|5|19|73|66|70|84|69|77|-7|0.2|0|5|2
2017|5|20|79|67|73|84|69|76|-3|1.81|0|8|5
2017|5|21|73|71|72|83|69|76|-4|1.42|0|7|5
2017|5|22|75|71|73|83|69|76|-3|0.59|0|8|4
2017|5|23|78|70|74|83|69|76|-2|0.71|0|9|4
2017|5|24|74|69|72|83|69|76|-4|0.91|0|7|4
2017|5|25|78|67|73|83|69|76|-3|0.04|0|8|1
2017|5|26|81|66|74|83|68|76|-2|0|0|9|1
2017|5|27|80|67|74|83|68|76|-2|0|0|9|1
2017|5|28|82|65|74|83|68|75|-1|0|0|9|1
2017|5|29|82|64|73|83|68|75|-2|0|0|8|1
2017|5|30|84|64|74|82|68|75|-1|0|0|9|1
2017|5|31|81|66|74|82|68|75|-1|0|0|9|1
2017|6|1|87|65|76|82|68|75|1|0|0|11|1
2017|6|2|87|73|80|82|67|75|5|0|0|15|1
2017|6|3|78|71|75|82|67|75|0|0|0|10|1
2017|6|4|83|71|77|82|67|75|2|0|0|12|1
2017|6|5|86|70|78|82|67|74|4|0|0|13|1
2017|6|6|88|67|78|82|67|74|4|0|0|13|1
2017|6|7|89|69|79|82|67|74|5|0|0|14|1
2017|6|8|89|73|81|82|67|74|7|0|0|16|1
2017|6|9|90|73|82|81|67|74|8|0|0|17|1
2017|6|10|75|67|71|81|66|74|-3|0|0|6|1
2017|6|11|76|67|72|81|66|74|-2|0|0|7|1
2017|6|12|85|66|76|81|66|74|2|0|0|11|1
2017|6|13|83|69|76|81|66|74|2|0|0|11|1
2017|6|14|85|69|77|81|66|74|3|0.39|0|12|3
2017|6|15|78|69|74|81|66|73|1|0|0|9|1
2017|6|16|78|64|71|81|66|73|-2|0|0|6|1
2017|6|17|81|64|73|81|66|73|0|0|0|8|1
2017|6|18|83|64|74|81|66|73|1|0|0|9|1
2017|6|19|85|63|74|81|66|73|1|0|0|9|1
2017|6|20|84|62|73|81|66|73|0|0|0|8|1
2017|6|21|76|64|70|81|65|73|-3|0.35|0|5|3
2017|6|22|78|65|72|81|65|73|-1|0.43|0|7|3
2017|6|23|78|67|73|80|65|73|0|0.35|0|8|3
2017|6|24|78|67|73|80|65|73|0|0.47|0|8|3
2017|6|25|79|66|73|80|65|73|0|0.83|0|8|4
2017|6|26|78|68|73|80|65|73|0|0.39|0|8|3
2017|6|27|70|67|69|80|65|73|-4|1.61|0|4|5
2017|6|28|78|64|71|80|65|73|-2|0|0|6|1
2017|6|29|78|65|72|80|65|73|-1|0|0|7|1
2017|6|30|81|64|73|80|65|73|0|0|0|8|1
2017|7|1|81|62|72|80|65|73|-1|0.16|0|7|2
2017|7|2|74|63|69|80|65|73|-4|0.04|0|4|1
2017|7|3|67|60|64|80|65|73|-9|0.51|1|0|4
2017|7|4|72|59|66|80|65|72|-6|0.43|0|1|3
2017|7|5|76|61|69|80|65|72|-3|0.35|0|4|3
2017|7|6|75|63|69|80|65|72|-3|0.12|0|4|2
2017|7|7|76|63|70|80|65|72|-2|0.24|0|5|2
2017|7|8|76|64|70|80|65|72|-2|0.16|0|5|2
2017|7|9|75|65|70|80|65|72|-2|0.2|0|5|2
2017|7|10|79|63|71|80|65|72|-1|0.63|0|6|4
2017|7|11|73|65|69|80|65|72|-3|0.39|0|4|3
2017|7|12|77|63|70|80|65|72|-2|0.2|0|5|2
2017|7|13|76|65|71|80|65|72|-1|0.55|0|6|4
2017|7|14|75|63|69|80|65|72|-3|0.12|0|4|2
2017|7|15|78|63|71|80|65|72|-1|0.16|0|6|2
2017|7|16|74|64|69|80|65|72|-3|0.08|0|4|1
2017|7|17|78|64|71|80|65|72|-1|0|0|6|1
2017|7|18|82|62|72|80|65|72|0|0.47|0|7|3
2017|7|19|75|65|70|80|65|72|-2|0|0|5|1
2017|7|20|75|63|69|80|65|72|-3|0|0|4|1
2017|7|21|76|62|69|80|65|72|-3|0|0|4|1
2017|7|22|80|63|72|80|65|72|0|0|0|7|1
2017|7|23|77|61|69|80|65|72|-3|0.2|0|4|2
2017|7|24|76|62|69|80|65|72|-3|0.35|0|4|3
2017|7|25|78|65|72|80|65|72|0|0|0|7|1
2017|7|26|77|61|69|80|65|73|-4|0|0|4|1
2017|7|27|76|60|68|80|65|73|-5|0|0|3|1
2017|7|28|77|63|70|80|65|73|-3|0.98|0|5|4
2017|7|29|75|62|69|80|65|73|-4|0.2|0|4|2
2017|7|30|70|61|66|80|65|73|-7|0.28|0|1|3
2017|7|31|73|61|67|80|65|73|-6|0.04|0|2|1
2017|8|1|76|60|68|80|65|73|-5|0|0|3|1
2017|8|2|79|64|72|80|65|73|-1|0.04|0|7|1
2017|8|3|76|67|72|80|65|73|-1|0|0|7|1
2017|8|4|76|66|71|80|65|73|-2|0|0|6|1
2017|8|5|78|65|72|80|65|73|-1|0|0|7|1
2017|8|6|76|58|67|80|66|73|-6|0|0|2|1
2017|8|7|73|58|66|80|66|73|-7|0|0|1|1
2017|8|8|78|60|69|80|66|73|-4|0|0|4|1
2017|8|9|86|62|74|80|66|73|1|0|0|9|1
2017|8|10|80|62|71|80|66|73|-2|0|0|6|1
2017|8|11|76|65|71|80|66|73|-2|0|0|6|1
2017|8|12|73|64|69|80|66|73|-4|0|0|4|1
2017|8|13|74|64|69|80|66|73|-4|0|0|4|1
2017|8|14|77|64|71|80|66|73|-2|0|0|6|1
2017|8|15|77|64|71|80|66|73|-2|0|0|6|1
2017|8|16|80|61|71|80|66|73|-2|0|0|6|1
2017|8|17|81|60|71|80|66|73|-2|0|0|6|1
2017|8|18|78|69|74|80|66|73|1|0|0|9|1
2017|8|19|79|69|74|80|66|73|1|0|0|9|1
2017|8|20|85|69|77|80|66|73|4|0|0|12|1
2017|8|21|79|65|72|80|66|73|-1|0|0|7|1
2017|8|22|71|62|67|80|66|73|-6|0.08|0|2|1
2017|8|23|73|62|68|80|67|73|-5|0.12|0|3|2
2017|8|24|72|62|67|80|67|73|-6|0|0|2|1
2017|8|25|73|62|68|80|67|73|-5|0.24|0|3|2
2017|8|26|73|64|69|80|67|73|-4|0|0|4|1
2017|8|27|75|58|67|80|67|73|-6|0|0|2|1
2017|8|28|79|57|68|80|67|73|-5|0|0|3|1
2017|8|29|78|60|69|80|67|73|-4|0|0|4|1
2017|8|30|81|61|71|80|67|73|-2|0|0|6|1
2017|8|31|85|66|76|80|67|73|3|0|0|11|1
2017|9|1|74|67|71|80|67|73|-2|0.08|0|6|1
2017|9|2|73|66|70|80|67|74|-4|0.04|0|5|1
2017|9|3|75|63|69|80|67|74|-5|0|0|4|1
2017|9|4|75|63|69|80|67|74|-5|0|0|4|1
2017|9|5|79|62|71|80|67|74|-3|0|0|6|1
2017|9|6|81|64|73|80|67|74|-1|0|0|8|1
2017|9|7|78|62|70|80|68|74|-4|0.12|0|5|2
2017|9|8|77|64|71|80|68|74|-3|0|0|6|1
2017|9|9|78|65|72|80|68|74|-2|0.55|0|7|4
2017|9|10|75|65|70|80|68|74|-4|0.2|0|5|2
2017|9|11|80|64|72|80|68|74|-2|0.16|0|7|2
2017|9|12|79|64|72|80|68|74|-2|0.04|0|7|1
2017|9|13|77|63|70|80|68|74|-4|0|0|5|1
2017|9|14|79|67|73|80|68|74|-1|0|0|8|1
2017|9|15|81|65|73|80|68|74|-1|0|0|8|1
2017|9|16|78|67|73|80|68|74|-1|0.24|0|8|2
2017|9|17|79|66|73|80|68|74|-1|0.04|0|8|1
2017|9|18|80|65|73|80|68|74|-1|0.28|0|8|3
2017|9|19|78|67|73|80|68|74|-1|0.08|0|8|1
2017|9|20|76|65|71|80|68|74|-3|0|0|6|1
2017|9|21|80|64|72|80|68|74|-2|0|0|7|1
2017|9|22|80|65|73|80|69|74|-1|0|0|8|1
2017|9|23|80|66|73|80|69|75|-2|0|0|8|1
2017|9|24|81|66|74|80|69|75|-1|0.04|0|9|1
2017|9|25|76|64|70|81|69|75|-5|0.28|0|5|3
2017|9|26|76|63|70|81|69|75|-5|0.04|0|5|1
2017|9|27|79|64|72|81|69|75|-3|0|0|7|1
2017|9|28|89|72|81|81|69|75|6|0.04|0|16|1
2017|9|29|80|72|76|81|69|75|1|0|0|11|1
2017|9|30|82|70|76|81|69|75|1|0.08|0|11|1
2017|10|1|83|70|77|81|69|75|2|0|0|12|1
2017|10|2|89|73|81|81|69|75|6|0|0|16|1
2017|10|3|87|75|81|81|69|75|6|0|0|16|1
2017|10|4|75|70|73|81|69|75|-2|0.08|0|8|1
2017|10|5|79|68|74|81|69|75|-1|0|0|9|1
2017|10|6|81|67|74|81|69|75|-1|0|0|9|1
2017|10|7|82|69|76|81|69|75|1|0|0|11|1
2017|10|8|82|70|76|81|70|76|0|0.04|0|11|1
2017|10|9|83|70|77|82|70|76|1|0|0|12|1
2017|10|10|83|71|77|82|70|76|1|0|0|12|1
2017|10|11|83|72|78|82|70|76|2|0|0|13|1
2017|10|12|88|73|81|82|70|76|5|0|0|16|1
2017|10|13|84|72|78|82|70|76|2|0|0|13|1
2017|10|14|90|73|82|82|70|76|6|0|0|17|1
2017|10|15|85|70|78|82|70|76|2|0.08|0|13|1
2017|10|16|74|69|72|82|70|76|-4|1.02|0|7|5
2017|10|17|81|68|75|82|70|76|-1|0|0|10|1
2017|10|18|82|66|74|82|70|76|-2|0|0|9|1
2017|10|19|82|67|75|82|70|76|-1|0|0|10|1
2017|10|20|90|73|82|82|70|76|6|0|0|17|1
2017|10|21|86|75|81|82|70|76|5|0|0|16|1
2017|10|22|90|74|82|83|71|77|5|0|0|17|1
2017|10|23|85|74|80|83|71|77|3|0|0|15|1
2017|10|24|76|68|72|83|71|77|-5|0|0|7|1
2017|10|25|83|68|76|83|71|77|-1|0|0|11|1
2017|10|26|83|73|78|83|71|77|1|0|0|13|1
2017|10|27|88|74|81|83|71|77|4|0|0|16|1
2017|10|28|88|76|82|83|71|77|5|0|0|17|1
2017|10|29|89|75|82|83|71|77|5|0|0|17|1
2017|10|30|83|74|79|83|71|77|2|0|0|14|1
2017|10|31|93|74|84|83|71|77|7|0.35|0|19|3
2017|11|1|75|71|73|83|71|77|-4|0.01|0|8|1
2017|11|2|80|64|72|83|71|77|-5|0|0|7|1
2017|11|3|78|64|71|83|71|77|-6|0|0|6|1
2017|11|4|80|71|76|83|71|77|-1|0.08|0|11|1
2017|11|5|91|75|83|83|71|77|6|0.08|0|18|1
2017|11|6|79|71|75|83|72|78|-3|0|0|10|1
2017|11|7|77|65|71|84|72|78|-7|0|0|6|1
2017|11|8|75|65|70|84|72|78|-8|0.16|0|5|2
2017|11|9|76|67|72|84|72|78|-6|0.08|0|7|1
2017|11|10|82|68|75|84|72|78|-3|0|0|10|1
2017|11|11|77|71|74|84|72|78|-4|0.98|0|9|4
2017|11|12|74|69|72|84|72|78|-6|0|0|7|1
2017|11|13|85|66|76|84|72|78|-2|0|0|11|1
2017|11|14|79|65|72|84|72|78|-6|0|0|7|1
2017|11|15|83|71|77|84|72|78|-1|0|0|12|1
2017|11|16|87|71|79|84|72|78|1|0|0|14|1
2017|11|17|88|73|81|84|72|78|3|0|0|16|1
2017|11|18|86|73|80|84|72|78|2|0|0|15|1
2017|11|19|93|74|84|84|72|78|6|0|0|19|1
2017|11|20|87|76|82|84|72|78|4|0.2|0|17|2
2017|11|21|87|75|81|84|72|78|3|0|0|16|1
2017|11|22|90|76|83|85|72|78|5|0|0|18|1
2017|11|23|79|64|72|85|72|79|-7|0.22|0|7|2
2017|11|24|76|65|71|85|72|79|-8|0|0|6|1
2017|11|25|84|70|77|85|72|79|-2|0|0|12|1
2017|11|26|86|73|80|85|73|79|1|0|0|15|1
2017|11|27|91|76|84|85|73|79|5|0|0|19|1
2017|11|28|91|72|82|85|73|79|3|1.5|0|17|5
2017|11|29|77|72|75|85|73|79|-4|0.04|0|10|1
2017|11|30|77|70|74|85|73|79|-5|1.34|0|9|5
2017|12|1|79|70|75|85|73|79|-4|2.6|0|10|6
2017|12|2|77|68|73|85|73|79|-6|0.44|0|8|3
2017|12|3|80|72|76|85|73|79|-3|0.24|0|11|2
2017|12|4|87|72|80|85|73|79|1|0|0|15|1
2017|12|5|80|73|77|85|73|79|-2|0.08|0|12|1
2017|12|6|81|71|76|85|73|79|-3|0|0|11|1
2017|12|7|81|71|76|86|73|79|-3|0|0|11|1
2017|12|8|79|73|76|86|73|79|-3|0.71|0|11|4
2017|12|9|83|71|77|86|73|79|-2|0|0|12|1
2017|12|10|83|72|78|86|73|79|-1|0|0|13|1
2017|12|11|85|74|80|86|73|79|1|0|0|15|1
2017|12|12|80|76|78|86|73|79|-1|0.12|0|13|2
2017|12|13|80|73|77|86|73|79|-2|0.47|0|12|3
2017|12|14|75|70|73|86|73|79|-6|0.28|0|8|3
2017|12|15|84|70|77|86|73|80|-3|0.02|0|12|1
2017|12|16|90|73|82|86|73|80|2|0|0|17|1
2017|12|17|86|74|80|86|73|80|0|0|0|15|1
2017|12|18|86|72|79|86|73|80|-1|0|0|14|1
2017|12|19|86|72|79|86|73|80|-1|0|0|14|1
2017|12|20|85|72|79|86|73|80|-1|0|0|14|1
2017|12|21|84|71|78|86|73|80|-2|0|0|13|1
2017|12|22|87|75|81|86|73|80|1|0|0|16|1
2017|12|23|87|76|82|86|73|80|2|0|0|17|1
2017|12|24|89|77|83|86|73|80|3|0|0|18|1
2017|12|25|92|76|84|87|73|80|4|0|0|19|1
2017|12|26|89|77|83|87|73|80|3|0|0|18|1
2017|12|27|91|75|83|87|73|80|3|0|0|18|1
2017|12|28|89|77|83|87|73|80|3|0|0|18|1
2017|12|29|90|77|84|87|73|80|4|0|0|19|1
2017|12|30|92|77|85|87|73|80|5|0|0|20|1
2017|12|31|93|76|85|87|73|80|5|0.12|0|20|2
2018|1|1|90|75|83|87|74|80|3|0.47|0|18|3
2018|1|2|90|74|82|87|74|80|2|0|0|17|1
2018|1|3|96|78|87|87|74|80|7|0.24|0|22|2
2018|1|4|82|75|79|87|74|80|-1|0|0|14|1
2018|1|5|90|74|82|87|74|80|2|0|0|17|1
2018|1|6|88|76|82|87|74|80|2|0|0|17|1
2018|1|7|89|76|83|87|74|81|2|0|0|18|1
2018|1|8|89|75|82|87|74|81|1|0.16|0|17|2
2018|1|9|87|75|81|88|74|81|0|0.16|0|16|2
2018|1|10|86|74|80|88|74|81|-1|0.2|0|15|2
2018|1|11|85|74|80|88|74|81|-1|0|0|15|1
2018|1|12|89|73|81|88|74|81|0|0|0|16|1
2018|1|13|90|75|83|88|74|81|2|0|0|18|1
2018|1|14|91|79|85|88|74|81|4|0|0|20|1
2018|1|15|90|77|84|88|74|81|3|0|0|19|1
2018|1|16|90|76|83|88|74|81|2|0|0|18|1
2018|1|17|90|76|83|88|74|81|2|0|0|18|1
2018|1|18|91|77|84|88|74|81|3|0|0|19|1
2018|1|19|92|76|84|88|74|81|3|0|0|19|1
2018|1|20|90|75|83|88|74|81|2|0|0|18|1
2018|1|21|93|72|83|89|74|81|2|0|0|18|1
2018|1|22|91|73|82|89|74|82|0|0|0|17|1
2018|1|23|89|76|83|89|74|82|1|0|0|18|1
2018|1|24|89|73|81|89|74|82|-1|0|0|16|1
2018|1|25|92|72|82|89|75|82|0|0|0|17|1
2018|1|26|91|75|83|89|75|82|1|0|0|18|1
2018|1|27|88|72|80|89|75|82|-2|0|0|15|1
2018|1|28|85|72|79|89|75|82|-3|0|0|14|1
2018|1|29|96|78|87|89|75|82|5|0|0|22|1
2018|1|30|83|74|79|89|75|82|-3|0.59|0|14|4
2018|1|31|81|72|77|90|75|82|-5|0.25|0|12|3
2018|2|1|81|70|76|90|75|82|-6|0.08|0|11|1
2018|2|2|79|70|75|90|75|82|-7|0.04|0|10|1
2018|2|3|80|73|77|90|75|82|-5|0.35|0|12|3
2018|2|4|75|71|73|90|75|82|-9|1.34|0|8|5
2018|2|5|78|70|74|90|75|82|-8|0.79|0|9|4
2018|2|6|81|73|77|90|75|83|-6|0.31|0|12|3
2018|2|7|85|74|80|90|75|83|-3|0|0|15|1
2018|2|8|85|73|79|90|75|83|-4|0|0|14|1
2018|2|9|83|77|80|90|75|83|-3|0.08|0|15|1
2018|2|10|87|74|81|90|75|83|-2|0|0|16|1
2018|2|11|91|72|82|90|75|83|-1|0|0|17|1
2018|2|12|88|71|80|90|75|83|-3|0|0|15|1
2018|2|13|91|76|84|90|75|83|1|0|0|19|1
2018|2|14|88|75|82|90|75|83|-1|0|0|17|1
2018|2|15|87|74|81|90|75|83|-2|0.67|0|16|4
2018|2|16|86|72|79|90|75|83|-4|0.08|0|14|1
2018|2|17|87|74|81|90|75|83|-2|0|0|16|1
2018|2|18|89|74|82|90|75|83|-1|0|0|17|1
2018|2|19|89|76|83|90|75|83|0|0|0|18|1
2018|2|20|89|77|83|90|75|83|0|0|0|18|1
2018|2|21|88|79|84|90|75|83|1|0|0|19|1
2018|2|22|89|79|84|90|75|83|1|0|0|19|1
2018|2|23|93|77|85|90|75|82|3|0.24|0|20|2
2018|2|24|86|77|82|90|75|82|0|0|0|17|1
2018|2|25|86|74|80|90|75|82|-2|0.51|0|15|4
2018|2|26|89|74|82|90|75|82|0|0|0|17|1
2018|2|27|90|76|83|90|75|82|1|0|0|18|1
2018|2|28|92|77|85|90|75|82|3|0|0|20|1
2018|3|1|90|79|85|89|75|82|3|0|0|20|1
2018|3|2|89|81|85|89|75|82|3|0|0|20|1
2018|3|3|91|78|85|89|75|82|3|0|0|20|1
2018|3|4|84|80|82|89|75|82|0|0|0|17|1
2018|3|5|84|78|81|89|74|82|-1|0|0|16|1
2018|3|6|85|76|81|89|74|82|-1|0|0|16|1
2018|3|7|90|74|82|89|74|82|0|0.39|0|17|3
2018|3|8|87|78|83|89|74|82|1|1.77|0|18|5
2018|3|9|79|76|78|89|74|81|-3|0|0|13|1
2018|3|10|84|75|80|89|74|81|-1|0.31|0|15|3
2018|3|11|91|75|83|88|74|81|2|0.24|0|18|2
2018|3|12|87|74|81|88|74|81|0|0|0|16|1
2018|3|13|86|72|79|88|74|81|-2|0|0|14|1
2018|3|14|89|75|82|88|74|81|1|0|0|17|1
2018|3|15|92|78|85|88|74|81|4|0|0|20|1
2018|3|16|95|79|87|88|74|81|6|0|0|22|1
2018|3|17|82|75|79|88|74|81|-2|1.06|0|14|5
2018|3|18|84|74|79|88|74|81|-2|0|0|14|1
2018|3|19|92|75|84|88|74|81|3|0|0|19|1
2018|3|20|93|76|85|88|74|81|4|0|0|20|1
2018|3|21|86|77|82|87|74|81|1|0.04|0|17|1
2018|3|22|83|75|79|87|74|81|-2|0.04|0|14|1
2018|3|23|86|73|80|87|74|81|-1|0|0|15|1
2018|3|24|87|72|80|87|74|80|0|0.01|0|15|1
2018|3|25|87|73|80|87|74|80|0|0|0|15|1
2018|3|26|87|73|80|87|74|80|0|0.24|0|15|2
2018|3|27|86|71|79|87|74|80|-1|0.08|0|14|1
2018|3|28|85|73|79|87|74|80|-1|0.08|0|14|1
2018|3|29|84|72|78|87|74|80|-2|0.12|0|13|2
2018|3|30|83|72|78|87|74|80|-2|0|0|13|1
2018|3|31|86|71|79|87|74|80|-1|0.04|0|14|1
2018|4|1|88|72|80|87|74|80|0|0|0|15|1
2018|4|2|90|77|84|87|73|80|4|0|0|19|1
2018|4|3|93|77|85|87|73|80|5|0|0|20|1
2018|4|4|81|77|79|87|73|80|-1|0.04|0|14|1
2018|4|5|84|75|80|86|73|80|0|0|0|15|1
2018|4|6|87|73|80|86|73|80|0|1.42|0|15|5
2018|4|7|82|72|77|86|73|80|-3|0.04|0|12|1
2018|4|8|83|71|77|86|73|80|-3|0.04|0|12|1
2018|4|9|83|71|77|86|73|80|-3|0|0|12|1
2018|4|10|84|69|77|86|73|80|-3|0.31|0|12|3
2018|4|11|80|70|75|86|73|80|-5|0.31|0|10|3
2018|4|12|82|68|75|86|73|80|-5|0.24|0|10|2
2018|4|13|82|74|78|86|73|80|-2|0|0|13|1
2018|4|14|85|73|79|86|73|80|-1|0.04|0|14|1
2018|4|15|84|73|79|86|73|79|0|2.6|0|14|6
2018|4|16|78|70|74|86|73|79|-5|1.54|0|9|5
2018|4|17|80|69|75|86|73|79|-4|1.34|0|10|5
2018|4|18|80|68|74|86|73|79|-5|0.08|0|9|1
2018|4|19|80|68|74|86|73|79|-5|0|0|9|1
2018|4|20|82|67|75|86|73|79|-4|0|0|10|1
2018|4|21|82|66|74|86|73|79|-5|0|0|9|1
2018|4|22|80|66|73|86|72|79|-6|0.16|0|8|2
2018|4|23|78|71|75|86|72|79|-4|0|0|10|1
2018|4|24|84|70|77|85|72|79|-2|0|0|12|1
2018|4|25|83|69|76|85|72|79|-3|0.08|0|11|1
2018|4|26|84|70|77|85|72|79|-2|0.87|0|12|4
2018|4|27|81|73|77|85|72|79|-2|0|0|12|1
2018|4|28|82|68|75|85|72|79|-4|0|0|10|1
2018|4|29|81|66|74|85|72|79|-5|0.35|0|9|3
2018|4|30|81|71|76|85|72|78|-2|0|0|11|1
2018|5|1|87|67|77|85|72|78|-1|0|0|12|1
2018|5|2|81|65|73|85|72|78|-5|0|0|8|1
2018|5|3|83|68|76|85|71|78|-2|0.08|0|11|1
2018|5|4|78|72|75|85|71|78|-3|0.08|0|10|1
2018|5|5|80|70|75|85|71|78|-3|0.04|0|10|1
2018|5|6|85|69|77|85|71|78|-1|0.2|0|12|2
2018|5|7|79|69|74|85|71|78|-4|0|0|9|1
2018|5|8|81|69|75|85|71|78|-3|1.93|0|10|5
2018|5|9|80|65|73|85|71|78|-5|0.12|0|8|2
2018|5|10|79|65|72|84|71|78|-6|0|0|7|1
2018|5|11|83|65|74|84|71|77|-3|0|0|9|1
2018|5|12|88|67|78|84|70|77|1|0|0|13|1
2018|5|13|83|68|76|84|70|77|-1|0|0|11|1
2018|5|14|77|70|74|84|70|77|-3|2.01|0|9|6
2018|5|15|77|70|74|84|70|77|-3|0.39|0|9|3
2018|5|16|86|71|79|84|70|77|2|0|0|14|1
2018|5|17|82|70|76|84|70|77|-1|0|0|11|1
2018|5|18|81|71|76|84|70|77|-1|0|0|11|1
2018|5|19|85|74|80|84|69|77|3|0|0|15|1
2018|5|20|85|70|78|84|69|76|2|0|0|13|1
2018|5|21|76|62|69|83|69|76|-7|0|0|4|1
2018|5|22|79|62|71|83|69|76|-5|0|0|6|1
2018|5|23|82|64|73|83|69|76|-3|0|0|8|1
2018|5|24|79|65|72|83|69|76|-4|0.39|0|7|3
2018|5|25|73|67|70|83|69|76|-6|1.02|0|5|5
2018|5|26|71|63|67|83|68|76|-9|0.08|0|2|1
2018|5|27|78|62|70|83|68|76|-6|0|0|5|1
2018|5|28|80|66|73|83|68|75|-2|0.04|0|8|1
2018|5|29|79|65|72|83|68|75|-3|0|0|7|1
2018|5|30|78|65|72|82|68|75|-3|0|0|7|1
2018|5|31|80|64|72|82|68|75|-3|0|0|7|1
2018|6|1|83|69|76|82|68|75|1|0|0|11|1
2018|6|2|85|68|77|82|67|75|2|0|0|12|1
2018|6|3|84|66|75|82|67|75|0|0|0|10|1
2018|6|4|76|66|71|82|67|75|-4|0.02|0|6|1
2018|6|5|75|64|70|82|67|74|-4|0.01|0|5|1
2018|6|6|81|66|74|82|67|74|0|0|0|9|1
2018|6|7|83|65|74|82|67|74|0|0|0|9|1
2018|6|8|83|70|77|82|67|74|3|0.12|0|12|2
2018|6|9|76|71|74|81|67|74|0|0|0|9|1
2018|6|10|80|70|75|81|66|74|1|0|0|10|1
2018|6|11|83|69|76|81|66|74|2|0|0|11|1
2018|6|12|85|69|77|81|66|74|3|0|0|12|1
2018|6|13|88|71|80|81|66|74|6|0|0|15|1
2018|6|14|82|69|76|81|66|74|2|0|0|11|1
2018|6|15|76|70|73|81|66|73|0|0.12|0|8|2
2018|6|16|77|69|73|81|66|73|0|0|0|8|1
2018|6|17|78|70|74|81|66|73|1|0.94|0|9|4
2018|6|18|71|67|69|81|66|73|-4|1.97|0|4|5
2018|6|19|77|65|71|81|66|73|-2|0|0|6|1
2018|6|20|77|64|71|81|66|73|-2|0|0|6|1
2018|6|21|80|64|72|81|65|73|-1|0|0|7|1
2018|6|22|84|62|73|81|65|73|0|0|0|8|1
2018|6|23|84|64|74|80|65|73|1|0|0|9|1
2018|6|24|84|67|76|80|65|73|3|0|0|11|1
2018|6|25|84|66|75|80|65|73|2|0|0|10|1
2018|6|26|85|66|76|80|65|73|3|0|0|11|1
2018|6|27|86|65|76|80|65|73|3|0|0|11|1
2018|6|28|79|65|72|80|65|73|-1|0.24|0|7|2
2018|6|29|75|67|71|80|65|73|-2|0.39|0|6|3
2018|6|30|79|66|73|80|65|73|0|0|0|8|1
2018|7|1|83|65|74|80|65|73|1|0|0|9|1
2018|7|2|83|66|75|80|65|73|2|0|0|10|1
2018|7|3|85|65|75|80|65|73|2|0|0|10|1
2018|7|4|81|67|74|80|65|72|2|0|0|9|1
2018|7|5|83|65|74|80|65|72|2|0|0|9|1
2018|7|6|83|63|73|80|65|72|1|0|0|8|1
2018|7|7|83|61|72|80|65|72|0|0|0|7|1
2018|7|8|87|64|76|80|65|72|4|0|0|11|1
2018|7|9|86|64|75|80|65|72|3|0|0|10|1
2018|7|10|84|64|74|80|65|72|2|0|0|9|1
2018|7|11|71|68|70|80|65|72|-2|0|0|5|1
2018|7|12|74|64|69|80|65|72|-3|0|0|4|1
2018|7|13|79|62|71|80|65|72|-1|0|0|6|1
2018|7|14|82|63|73|80|65|72|1|0|0|8|1
2018|7|15|82|64|73|80|65|72|1|0|0|8|1
2018|7|16|81|64|73|80|65|72|1|0|0|8|1
2018|7|17|82|65|74|80|65|72|2|0.04|0|9|1
2018|7|18|81|64|73|80|65|72|1|0|0|8|1
2018|7|19|81|63|72|80|65|72|0|0|0|7|1
2018|7|20|81|62|72|80|65|72|0|0|0|7|1
2018|7|21|82|62|72|80|65|72|0|0|0|7|1
2018|7|22|79|63|71|80|65|72|-1|0.04|0|6|1
2018|7|23|77|64|71|80|65|72|-1|0|0|6|1
2018|7|24|80|63|72|80|65|72|0|0|0|7|1
2018|7|25|71|63|67|80|65|72|-5|0.55|0|2|4
2018|7|26|78|64|71|80|65|73|-2|0|0|6|1
2018|7|27|77|63|70|80|65|73|-3|0|0|5|1
2018|7|28|82|62|72|80|65|73|-1|0|0|7|1
2018|7|29|84|63|74|80|65|73|1|0|0|9|1
2018|7|30|85|72|79|80|65|73|6|0|0|14|1
2018|7|31|86|71|79|80|65|73|6|0.04|0|14|1
2018|8|1|78|69|74|80|65|73|1|0.16|0|9|2
2018|8|2|73|68|71|80|65|73|-2|0.43|0|6|3
2018|8|3|75|68|72|80|65|73|-1|0.08|0|7|1
2018|8|4|80|69|75|80|65|73|2|0.12|0|10|2
2018|8|5|84|66|75|80|65|73|2|0|0|10|1
2018|8|6|79|69|74|80|66|73|1|0|0|9|1
2018|8|7|75|71|73|80|66|73|0|0|0|8|1
2018|8|8|75|69|72|80|66|73|-1|0.55|0|7|4
2018|8|9|85|69|77|80|66|73|4|0|0|12|1
2018|8|10|87|72|80|80|66|73|7|0|0|15|1
2018|8|11|73|71|72|80|66|73|-1|0|0|7|1
2018|8|12|75|67|71|80|66|73|-2|0|0|6|1
2018|8|13|79|67|73|80|66|73|0|0|0|8|1
2018|8|14|77|64|71|80|66|73|-2|0|0|6|1
2018|8|15|81|64|73|80|66|73|0|0|0|8|1
2018|8|16|76|68|72|80|66|73|-1|0|0|7|1
2018|8|17|72|66|69|80|66|73|-4|0|0|4|1
2018|8|18|75|61|68|80|66|73|-5|0|0|3|1
2018|8|19|77|60|69|80|66|73|-4|0|0|4|1
2018|8|20|80|61|71|80|66|73|-2|0|0|6|1
2018|8|21|80|64|72|80|66|73|-1|0|0|7|1
2018|8|22|79|67|73|80|66|73|0|0|0|8|1
2018|8|23|83|67|75|80|67|73|2|0|0|10|1
2018|8|24|83|70|77|80|67|73|4|0|0|12|1
2018|8|25|87|72|80|80|67|73|7|0|0|15|1
2018|8|26|85|69|77|80|67|73|4|0|0|12|1
2018|8|27|73|69|71|80|67|73|-2|0.79|0|6|4
2018|8|28|73|64|69|80|67|73|-4|0|0|4|1
2018|8|29|77|63|70|80|67|73|-3|0.39|0|5|3
2018|8|30|79|64|72|80|67|73|-1|0|0|7|1
2018|8|31|85|63|74|80|67|73|1|0|0|9|1
2018|9|1|84|67|76|80|67|73|3|0|0|11|1
2018|9|2|83|72|78|80|67|74|4|0|0|13|1
2018|9|3|86|72|79|80|67|74|5|0|0|14|1
2018|9|4|86|69|78|80|67|74|4|0.28|0|13|3
2018|9|5|74|68|71|80|67|74|-3|0.04|0|6|1
2018|9|6|76|68|72|80|67|74|-2|0|0|7|1
2018|9|7|77|67|72|80|68|74|-2|0|0|7|1
2018|9|8|78|64|71|80|68|74|-3|0|0|6|1
2018|9|9|82|65|74|80|68|74|0|0|0|9|1
2018|9|10|80|67|74|80|68|74|0|0|0|9|1
2018|9|11|79|68|74|80|68|74|0|0.39|0|9|3
2018|9|12|74|68|71|80|68|74|-3|0|0|6|1
2018|9|13|73|63|68|80|68|74|-6|0|0|3|1
2018|9|14|78|63|71|80|68|74|-3|0|0|6|1
2018|9|15|81|70|76|80|68|74|2|0|0|11|1
2018|9|16|74|73|74|80|68|74|0|0.08|0|9|1
2018|9|17|77|67|72|80|68|74|-2|0.08|0|7|1
2018|9|18|79|71|75|80|68|74|1|0.08|0|10|1
2018|9|19|89|74|82|80|68|74|8|0|0|17|1
2018|9|20|88|75|82|80|68|74|8|0|0|17|1
2018|9|21|88|73|81|80|68|74|7|0|0|16|1
2018|9|22|80|72|76|80|69|74|2|0|0|11|1
2018|9|23|82|69|76|80|69|75|1|0|0|11|1
2018|9|24|91|73|82|80|69|75|7|0|0|17|1
2018|9|25|87|73|80|81|69|75|5|0|0|15|1
2018|9|26|84|73|79|81|69|75|4|0|0|14|1
2018|9|27|89|73|81|81|69|75|6|0|0|16|1
2018|9|28|91|73|82|81|69|75|7|0|0|17|1
2018|9|29|82|74|78|81|69|75|3|0.12|0|13|2
2018|9|30|82|73|78|81|69|75|3|0.08|0|13|1
2018|10|1|86|73|80|81|69|75|5|0|0|15|1
2018|10|2|87|75|81|81|69|75|6|0|0|16|1
2018|10|3|88|75|82|81|69|75|7|0|0|17|1
2018|10|4|90|75|83|81|69|75|8|0|0|18|1
2018|10|5|83|71|77|81|69|75|2|0.16|0|12|2
2018|10|6|78|68|73|81|69|75|-2|0.39|0|8|3
2018|10|7|76|68|72|81|69|75|-3|0.83|0|7|4
2018|10|8|84|72|78|81|70|76|2|0|0|13|1
2018|10|9|87|74|81|82|70|76|5|0|0|16|1
2018|10|10|90|76|83|82|70|76|7|0|0|18|1
2018|10|11|88|76|82|82|70|76|6|0|0|17|1
2018|10|12|86|75|81|82|70|76|5|0|0|16|1
2018|10|13|89|74|82|82|70|76|6|0|0|17|1
2018|10|14|84|73|79|82|70|76|3|0|0|14|1
2018|10|15|80|71|76|82|70|76|0|0|0|11|1
2018|10|16|77|72|75|82|70|76|-1|0.83|0|10|4
2018|10|17|78|72|75|82|70|76|-1|0.47|0|10|3
2018|10|18|82|74|78|82|70|76|2|0.04|0|13|1
2018|10|19|88|75|82|82|70|76|6|0|0|17|1
2018|10|20|78|69|74|82|70|76|-2|0|0|9|1
2018|10|21|76|68|72|82|70|76|-4|0|0|7|1
2018|10|22|77|65|71|83|71|77|-6|0|0|6|1
2018|10|23|84|66|75|83|71|77|-2|0|0|10|1
2018|10|24|85|73|79|83|71|77|2|0.16|0|14|2
2018|10|25|74|71|73|83|71|77|-4|0.94|0|8|4
2018|10|26|83|70|77|83|71|77|0|2.56|0|12|6
2018|10|27|88|74|81|83|71|77|4|0.55|0|16|4
2018|10|28|78|70|74|83|71|77|-3|0|0|9|1
2018|10|29|74|68|71|83|71|77|-6|0.04|0|6|1
2018|10|30|79|67|73|83|71|77|-4|0.39|0|8|3
2018|10|31|82|71|77|83|71|77|0|0|0|12|1
2018|11|1|91|74|83|83|71|77|6|0|0|18|1
2018|11|2|82|71|77|83|71|77|0|0|0|12|1
2018|11|3|88|69|79|83|71|77|2|0|0|14|1
2018|11|4|91|75|83|83|71|77|6|0.01|0|18|1
2018|11|5|75|73|74|83|71|77|-3|1.3|0|9|5
2018|11|6|77|72|75|83|72|78|-3|0.98|0|10|4
2018|11|7|83|72|78|84|72|78|0|0.16|0|13|2
2018|11|8|76|69|73|84|72|78|-5|4.76|0|8|6
2018|11|9|75|68|72|84|72|78|-6|0.79|0|7|4
2018|11|10|72|68|70|84|72|78|-8|0.16|0|5|2
2018|11|11|82|68|75|84|72|78|-3|0|0|10|1
2018|11|12|84|72|78|84|72|78|0|0.35|0|13|3
2018|11|13|84|74|79|84|72|78|1|0.31|0|14|3
2018|11|14|86|75|81|84|72|78|3|0|0|16|1
2018|11|15|91|76|84|84|72|78|6|0|0|19|1
2018|11|16|89|76|83|84|72|78|5|0|0|18|1
2018|11|17|82|75|79|84|72|78|1|0|0|14|1
2018|11|18|84|75|80|84|72|78|2|0.16|0|15|2
2018|11|19|87|74|81|84|72|78|3|0.04|0|16|1
2018|11|20|74|71|73|84|72|78|-5|0.04|0|8|1
2018|11|21|79|71|75|84|72|78|-3|0.01|0|10|1
2018|11|22|82|73|78|85|72|78|0|0.12|0|13|2
2018|11|23|87|73|80|85|72|79|1|0|0|15|1
2018|11|24|86|75|81|85|72|79|2|0.04|0|16|1
2018|11|25|81|74|78|85|72|79|-1|0|0|13|1
2018|11|26|86|73|80|85|73|79|1|0|0|15|1
2018|11|27|82|72|77|85|73|79|-2|0.08|0|12|1
2018|11|28|83|70|77|85|73|79|-2|0|0|12|1
2018|11|29|85|70|78|85|73|79|-1|0|0|13|1
2018|11|30|92|76|84|85|73|79|5|0|0|19|1
2018|12|1|89|76|83|85|73|79|4|0|0|18|1
2018|12|2|89|74|82|85|73|79|3|2.28|0|17|6
2018|12|3|80|71|76|85|73|79|-3|0.02|0|11|1
2018|12|4|83|71|77|85|73|79|-2|0|0|12|1
2018|12|5|89|73|81|85|73|79|2|0|0|16|1
2018|12|6|84|76|80|85|73|79|1|0|0|15|1
2018|12|7|83|72|78|86|73|79|-1|1.77|0|13|5
2018|12|8|73|69|71|86|73|79|-8|0.16|0|6|2
2018|12|9|80|68|74|86|73|79|-5|0|0|9|1
2018|12|10|80|70|75|86|73|79|-4|0|0|10|1
2018|12|11|85|71|78|86|73|79|-1|0|0|13|1
2018|12|12|88|73|81|86|73|79|2|0|0|16|1
2018|12|13|93|75|84|86|73|79|5|0|0|19|1
2018|12|14|93|75|84|86|73|79|5|0|0|19|1
2018|12|15|89|76|83|86|73|80|3|0|0|18|1
2018|12|16|88|75|82|86|73|80|2|0|0|17|1
2018|12|17|88|76|82|86|73|80|2|0|0|17|1
2018|12|18|91|76|84|86|73|80|4|0|0|19|1
2018|12|19|91|75|83|86|73|80|3|0|0|18|1
2018|12|20|92|78|85|86|73|80|5|0|0|20|1
2018|12|21|91|78|85|86|73|80|5|0|0|20|1
2018|12|22|92|78|85|86|73|80|5|0|0|20|1
2018|12|23|91|78|85|86|73|80|5|0|0|20|1
2018|12|24|91|76|84|86|73|80|4|0|0|19|1
2018|12|25|83|75|79|87|73|80|-1|0.12|0|14|2
2018|12|26|82|73|78|87|73|80|-2|0.04|0|13|1
2018|12|27|79|72|76|87|73|80|-4|0.55|0|11|4
2018|12|28|82|71|77|87|73|80|-3|0.79|0|12|4
2018|12|29|86|74|80|87|73|80|0|0.55|0|15|4
2018|12|30|90|73|82|87|73|80|2|0|0|17|1
2018|12|31|87|76|82|87|73|80|2|0|0|17|1
2019|1|1|89|77|83|87|74|80|3|0|0|18|1
2019|1|2|93|77|85|87|74|80|5|0|0|20|1
2019|1|3|92|78|85|87|74|80|5|0|0|20|1
2019|1|4|95|75|85|87|74|80|5|0|0|20|1
2019|1|5|91|76|84|87|74|80|4|0|0|19|1
2019|1|6|91|74|83|87|74|80|3|0|0|18|1
2019|1|7|90|77|84|87|74|81|3|0|0|19|1
2019|1|8|89|74|82|87|74|81|1|0|0|17|1
2019|1|9|88|73|81|88|74|81|0|0.04|0|16|1
2019|1|10|86|73|80|88|74|81|-1|0.04|0|15|1
2019|1|11|88|73|81|88|74|81|0|0|0|16|1
2019|1|12|90|73|82|88|74|81|1|0.04|0|17|1
2019|1|13|89|74|82|88|74|81|1|0|0|17|1
2019|1|14|88|74|81|88|74|81|0|0|0|16|1
2019|1|15|91|74|83|88|74|81|2|0|0|18|1
2019|1|16|94|80|87|88|74|81|6|0|0|22|1
2019|1|17|93|79|86|88|74|81|5|0|0|21|1
2019|1|18|90|79|85|88|74|81|4|0|0|20|1
2019|1|19|93|78|86|88|74|81|5|0|0|21|1
2019|1|20|94|79|87|88|74|81|6|0|0|22|1
2019|1|21|93|78|86|89|74|81|5|0|0|21|1
2019|1|22|92|76|84|89|74|82|2|0|0|19|1
2019|1|23|92|73|83|89|74|82|1|0|0|18|1
2019|1|24|91|74|83|89|74|82|1|0|0|18|1
2019|1|25|93|75|84|89|75|82|2|0|0|19|1
2019|1|26|91|75|83|89|75|82|1|0|0|18|1
2019|1|27|90|74|82|89|75|82|0|0|0|17|1
2019|1|28|92|76|84|89|75|82|2|0|0|19|1
2019|1|29|93|74|84|89|75|82|2|0|0|19|1
2019|1|30|93|75|84|89|75|82|2|0|0|19|1
2019|1|31|91|79|85|90|75|82|3|0|0|20|1
2019|2|1|92|76|84|90|75|82|2|0|0|19|1
2019|2|2|94|75|85|90|75|82|3|0|0|20|1
2019|2|3|97|77|87|90|75|82|5|0|0|22|1
2019|2|4|91|77|84|90|75|82|2|0.08|0|19|1
2019|2|5|86|73|80|90|75|82|-2|0.16|0|15|2
2019|2|6|84|72|78|90|75|83|-5|0.24|0|13|2
2019|2|7|89|73|81|90|75|83|-2|1.73|0|16|5
2019|2|8|94|73|84|90|75|83|1|0|0|19|1
2019|2|9|91|76|84|90|75|83|1|0|0|19|1
2019|2|10|92|76|84|90|75|83|1|0|0|19|1
2019|2|11|93|79|86|90|75|83|3|0|0|21|1
2019|2|12|95|75|85|90|75|83|2|0|0|20|1
2019|2|13|88|76|82|90|75|83|-1|0.2|0|17|2
2019|2|14|83|73|78|90|75|83|-5|0|0|13|1
2019|2|15|88|72|80|90|75|83|-3|0|0|15|1
2019|2|16|93|78|86|90|75|83|3|0.2|0|21|2
2019|2|17|90|76|83|90|75|83|0|0.01|0|18|1
2019|2|18|95|76|86|90|75|83|3|0.35|0|21|3
2019|2|19|92|75|84|90|75|83|1|0|0|19|1
2019|2|20|96|78|87|90|75|83|4|0.63|0|22|4
2019|2|21|92|77|85|90|75|83|2|0|0|20|1
2019|2|22|94|76|85|90|75|83|2|0|0|20|1
2019|2|23|97|77|87|90|75|82|5|0|0|22|1
2019|2|24|98|77|88|90|75|82|6|0|0|23|1
2019|2|25|99|80|90|90|75|82|8|0|0|25|1
2019|2|26|94|80|87|90|75|82|5|0|0|22|1
2019|2|27|92|78|85|90|75|82|3|0|0|20|1
2019|2|28|96|79|88|90|75|82|6|0|0|23|1
2019|3|1|95|80|88|89|75|82|6|0|0|23|1
2019|3|2|91|79|85|89|75|82|3|0|0|20|1
2019|3|3|94|77|86|89|75|82|4|0|0|21|1
2019|3|4|92|76|84|89|75|82|2|0|0|19|1
2019|3|5|86|76|81|89|74|82|-1|0.16|0|16|2
2019|3|6|91|76|84|89|74|82|2|0.16|0|19|2
2019|3|7|90|76|83|89|74|82|1|0|0|18|1
2019|3|8|89|76|83|89|74|82|1|0|0|18|1
2019|3|9|93|78|86|89|74|81|5|0|0|21|1
2019|3|10|95|76|86|89|74|81|5|0|0|21|1
2019|3|11|90|75|83|88|74|81|2|0.08|0|18|1
2019|3|12|93|76|85|88|74|81|4|0|0|20|1
2019|3|13|96|78|87|88|74|81|6|0|0|22|1
2019|3|14|98|78|88|88|74|81|7|0|0|23|1
2019|3|15|87|78|83|88|74|81|2|0|0|18|1
2019|3|16|85|81|83|88|74|81|2|0.31|0|18|3
2019|3|17|93|76|85|88|74|81|4|0|0|20|1
2019|3|18|95|77|86|88|74|81|5|0.59|0|21|4
2019|3|19|96|77|87|88|74|81|6|0|0|22|1
2019|3|20|88|79|84|88|74|81|3|0.43|0|19|3
2019|3|21|87|76|82|87|74|81|1|0|0|17|1
2019|3|22|79|73|76|87|74|81|-5|0.2|0|11|2
2019|3|23|85|71|78|87|74|81|-3|0.04|0|13|1
2019|3|24|84|75|80|87|74|80|0|0|0|15|1
2019|3|25|87|73|80|87|74|80|0|0|0|15|1
2019|3|26|85|74|80|87|74|80|0|0|0|15|1
2019|3|27|86|72|79|87|74|80|-1|0.12|0|14|2
2019|3|28|85|71|78|87|74|80|-2|0.63|0|13|4
2019|3|29|84|72|78|87|74|80|-2|0|0|13|1
2019|3|30|82|71|77|87|74|80|-3|0|0|12|1
2019|3|31|82|71|77|87|74|80|-3|0|0|12|1
2019|4|1|83|71|77|87|74|80|-3|0|0|12|1
2019|4|2|83|69|76|87|73|80|-4|0|0|11|1
2019|4|3|85|70|78|87|73|80|-2|0|0|13|1
2019|4|4|92|73|83|87|73|80|3|0.03|0|18|1
2019|4|5|91|76|84|86|73|80|4|0|0|19|1
2019|4|6|94|76|85|86|73|80|5|0|0|20|1
2019|4|7|91|74|83|86|73|80|3|0|0|18|1
2019|4|8|95|78|87|86|73|80|7|0|0|22|1
2019|4|9|91|76|84|86|73|80|4|0.55|0|19|4
2019|4|10|83|75|79|86|73|80|-1|0|0|14|1
2019|4|11|85|71|78|86|73|80|-2|0|0|13|1
2019|4|12|84|70|77|86|73|80|-3|0|0|12|1
2019|4|13|84|73|79|86|73|80|-1|0|0|14|1
2019|4|14|85|72|79|86|73|80|-1|1.14|0|14|5
2019|4|15|83|73|78|86|73|79|-1|0.08|0|13|1
2019|4|16|82|74|78|86|73|79|-1|0.04|0|13|1
2019|4|17|84|74|79|86|73|79|0|0|0|14|1
2019|4|18|83|73|78|86|73|79|-1|0|0|13|1
2019|4|19|85|74|80|86|73|79|1|0|0|15|1
2019|4|20|85|74|80|86|73|79|1|0|0|15|1
2019|4|21|92|74|83|86|73|79|4|0|0|18|1
2019|4|22|91|76|84|86|72|79|5|0|0|19|1
2019|4|23|90|74|82|86|72|79|3|0.43|0|17|3
2019|4|24|86|73|80|85|72|79|1|0|0|15|1
2019|4|25|84|72|78|85|72|79|-1|0|0|13|1
2019|4|26|83|72|78|85|72|79|-1|0.12|0|13|2
2019|4|27|86|72|79|85|72|79|0|0|0|14|1
2019|4|28|92|75|84|85|72|79|5|0|0|19|1
2019|4|29|84|76|80|85|72|79|1|0|0|15|1
2019|4|30|83|74|79|85|72|78|1|0|0|14|1
2019|5|1|85|74|80|85|72|78|2|0|0|15|1
2019|5|2|88|74|81|85|72|78|3|0|0|16|1
2019|5|3|88|73|81|85|71|78|3|0|0|16|1
2019|5|4|85|73|79|85|71|78|1|0|0|14|1
2019|5|5|83|70|77|85|71|78|-1|0|0|12|1
2019|5|6|86|70|78|85|71|78|0|0|0|13|1
2019|5|7|88|71|80|85|71|78|2|0.55|0|15|4
2019|5|8|79|73|76|85|71|78|-2|0|0|11|1
2019|5|9|79|70|75|85|71|78|-3|0|0|10|1
2019|5|10|80|70|75|84|71|78|-3|0|0|10|1
2019|5|11|85|69|77|84|71|77|0|0|0|12|1
2019|5|12|87|67|77|84|70|77|0|0|0|12|1
2019|5|13|83|71|77|84|70|77|0|0|0|12|1
2019|5|14|82|71|77|84|70|77|0|0.04|0|12|1
2019|5|15|83|73|78|84|70|77|1|0.01|0|13|1
2019|5|16|76|71|74|84|70|77|-3|0.83|0|9|4
2019|5|17|78|71|75|84|70|77|-2|6.69|0|10|6
2019|5|18|75|70|73|84|70|77|-4|1.22|0|8|5
2019|5|19|82|68|75|84|69|77|-2|0|0|10|1
2019|5|20|81|66|74|84|69|76|-2|0|0|9|1
2019|5|21|80|68|74|83|69|76|-2|0|0|9|1
2019|5|22|85|69|77|83|69|76|1|0|0|12|1
2019|5|23|86|71|79|83|69|76|3|0|0|14|1
2019|5|24|88|71|80|83|69|76|4|0|0|15|1
2019|5|25|91|75|83|83|69|76|7|0|0|18|1
2019|5|26|78|71|75|83|68|76|-1|0|0|10|1
2019|5|27|82|69|76|83|68|76|0|0|0|11|1
2019|5|28|85|70|78|83|68|75|3|0|0|13|1
2019|5|29|87|70|79|83|68|75|4|0|0|14|1
2019|5|30|83|69|76|82|68|75|1|0|0|11|1
2019|5|31|89|71|80|82|68|75|5|0|0|15|1
2019|6|1|92|70|81|82|68|75|6|0|0|16|1
2019|6|2|89|72|81|82|67|75|6|0|0|16|1
2019|6|3|88|71|80|82|67|75|5|0|0|15|1
2019|6|4|80|69|75|82|67|75|0|0|0|10|1
2019|6|5|78|65|72|82|67|74|-2|0.12|0|7|2
2019|6|6|76|64|70|82|67|74|-4|0|0|5|1
2019|6|7|69|63|66|82|67|74|-8|0.12|0|1|2
2019|6|8|78|64|71|82|67|74|-3|0|0|6|1
2019|6|9|79|66|73|81|67|74|-1|0.04|0|8|1
2019|6|10|78|68|73|81|66|74|-1|0.16|0|8|2
2019|6|11|80|69|75|81|66|74|1|0.31|0|10|3
2019|6|12|80|69|75|81|66|74|1|0.08|0|10|1
2019|6|13|83|69|76|81|66|74|2|0|0|11|1
2019|6|14|83|67|75|81|66|74|1|0|0|10|1
2019|6|15|82|67|75|81|66|73|2|0.28|0|10|3
2019|6|16|80|67|74|81|66|73|1|0|0|9|1
2019|6|17|76|67|72|81|66|73|-1|0.08|0|7|1
2019|6|18|78|65|72|81|66|73|-1|0|0|7|1
2019|6|19|84|64|74|81|66|73|1|0|0|9|1
2019|6|20|85|64|75|81|66|73|2|0|0|10|1
2019|6|21|79|64|72|81|65|73|-1|0.04|0|7|1
2019|6|22|77|68|73|81|65|73|0|0.04|0|8|1
2019|6|23|77|68|73|80|65|73|0|0|0|8|1
2019|6|24|82|68|75|80|65|73|2|0|0|10|1
2019|6|25|85|66|76|80|65|73|3|0|0|11|1
2019|6|26|86|68|77|80|65|73|4|0|0|12|1
2019|6|27|87|73|80|80|65|73|7|0|0|15|1
2019|6|28|82|65|74|80|65|73|1|0|0|9|1
2019|6|29|81|64|73|80|65|73|0|0|0|8|1
2019|6|30|79|71|75|80|65|73|2|0.04|0|10|1
2019|7|1|85|68|77|80|65|73|4|0|0|12|1
2019|7|2|87|68|78|80|65|73|5|0|0|13|1
2019|7|3|87|71|79|80|65|73|6|0|0|14|1
2019|7|4|89|69|79|80|65|72|7|0|0|14|1
2019|7|5|89|69|79|80|65|72|7|0.04|0|14|1
2019|7|6|73|64|69|80|65|72|-3|0|0|4|1
2019|7|7|73|64|69|80|65|72|-3|0|0|4|1
2019|7|8|72|57|65|80|65|72|-7|0|0|0|1
2019|7|9|74|56|65|80|65|72|-7|0|0|0|1
2019|7|10|76|55|66|80|65|72|-6|0|0|1|1
2019|7|11|78|58|68|80|65|72|-4|0|0|3|1
2019|7|12|80|59|70|80|65|72|-2|0|0|5|1
2019|7|13|84|59|72|80|65|72|0|0|0|7|1
2019|7|14|89|58|74|80|65|72|2|0|0|9|1
2019|7|15|88|61|75|80|65|72|3|0|0|10|1
2019|7|16|80|61|71|80|65|72|-1|0|0|6|1
2019|7|17|75|63|69|80|65|72|-3|0.2|0|4|2
2019|7|18|70|62|66|80|65|72|-6|0.43|0|1|3
2019|7|19|73|61|67|80|65|72|-5|0.39|0|2|3
2019|7|20|75|60|68|80|65|72|-4|0.24|0|3|2
2019|7|21|77|64|71|80|65|72|-1|0.12|0|6|2
2019|7|22|77|65|71|80|65|72|-1|0.39|0|6|3
2019|7|23|78|62|70|80|65|72|-2|0|0|5|1
2019|7|24|79|61|70|80|65|72|-2|0|0|5|1
2019|7|25|80|63|72|80|65|72|0|0|0|7|1
2019|7|26|77|62|70|80|65|73|-3|0|0|5|1
2019|7|27|78|63|71|80|65|73|-2|0|0|6|1
2019|7|28|77|62|70|80|65|73|-3|0.31|0|5|3
2019|7|29|74|61|68|80|65|73|-5|0.04|0|3|1
2019|7|30|79|60|70|80|65|73|-3|0|0|5|1
2019|7|31|80|63|72|80|65|73|-1|0|0|7|1
2019|8|1|78|61|70|80|65|73|-3|0|0|5|1
2019|8|2|83|65|74|80|65|73|1|0|0|9|1
2019|8|3|79|64|72|80|65|73|-1|0|0|7|1
2019|8|4|73|64|69|80|65|73|-4|0.12|0|4|2
2019|8|5|72|64|68|80|65|73|-5|0.08|0|3|1
2019|8|6|73|66|70|80|66|73|-3|0.51|0|5|4
2019|8|7|76|67|72|80|66|73|-1|0.08|0|7|1
2019|8|8|79|63|71|80|66|73|-2|0|0|6|1
2019|8|9|81|62|72|80|66|73|-1|0|0|7|1
2019|8|10|84|70|77|80|66|73|4|0|0|12|1
2019|8|11|86|69|78|80|66|73|5|0|0|13|1
2019|8|12|82|67|75|80|66|73|2|0|0|10|1
2019|8|13|86|65|76|80|66|73|3|0|0|11|1
2019|8|14|77|65|71|80|66|73|-2|0.31|0|6|3
2019|8|15|74|62|68|80|66|73|-5|0|0|3|1
2019|8|16|73|60|67|80|66|73|-6|0.12|0|2|2
2019|8|17|76|61|69|80|66|73|-4|0|0|4|1
2019|8|18|85|59|72|80|66|73|-1|0|0|7|1
2019|8|19|88|64|76|80|66|73|3|0|0|11|1
2019|8|20|80|63|72|80|66|73|-1|0.28|0|7|3
2019|8|21|73|67|70|80|66|73|-3|0|0|5|1
2019|8|22|74|65|70|80|66|73|-3|0.04|0|5|1
2019|8|23|73|64|69|80|67|73|-4|0.16|0|4|2
2019|8|24|75|65|70|80|67|73|-3|0|0|5|1
2019|8|25|76|67|72|80|67|73|-1|0.08|0|7|1
2019|8|26|71|64|68|80|67|73|-5|0.16|0|3|2
2019|8|27|74|64|69|80|67|73|-4|0|0|4|1
2019|8|28|74|65|70|80|67|73|-3|0|0|5|1
2019|8|29|75|62|69|80|67|73|-4|0.04|0|4|1
2019|8|30|78|62|70|80|67|73|-3|0|0|5|1
2019|8|31|85|69|77|80|67|73|4|0|0|12|1
2019|9|1|86|69|78|80|67|73|5|0|0|13|1
2019|9|2|81|71|76|80|67|74|2|0|0|11|1
2019|9|3|86|68|77|80|67|74|3|0|0|12|1
2019|9|4|85|65|75|80|67|74|1|0|0|10|1
2019|9|5|76|67|72|80|67|74|-2|0.83|0|7|4
2019|9|6|72|65|69|80|67|74|-5|0.59|0|4|4
2019|9|7|74|65|70|80|68|74|-4|0|0|5|1
2019|9|8|79|66|73|80|68|74|-1|0|0|8|1
2019|9|9|80|65|73|80|68|74|-1|0|0|8|1
2019|9|10|82|70|76|80|68|74|2|0|0|11|1
2019|9|11|83|71|77|80|68|74|3|0|0|12|1
2019|9|12|88|72|80|80|68|74|6|0|0|15|1
2019|9|13|85|72|79|80|68|74|5|0|0|14|1
2019|9|14|81|72|77|80|68|74|3|0|0|12|1
2019|9|15|80|72|76|80|68|74|2|0|0|11|1
2019|9|16|83|72|78|80|68|74|4|0|0|13|1
2019|9|17|85|69|77|80|68|74|3|0|0|12|1
2019|9|18|89|74|82|80|68|74|8|0|0|17|1
2019|9|19|90|73|82|80|68|74|8|0|0|17|1
2019|9|20|90|74|82|80|68|74|8|0|0|17|1
2019|9|21|86|74|80|80|68|74|6|0|0|15|1
2019|9|22|85|69|77|80|69|74|3|0.08|0|12|1
2019|9|23|75|67|71|80|69|75|-4|0.08|0|6|1
2019|9|24|72|65|69|80|69|75|-6|0|0|4|1
2019|9|25|78|65|72|81|69|75|-3|0.16|0|7|2
2019|9|26|77|67|72|81|69|75|-3|1.06|0|7|5
2019|9|27|75|67|71|81|69|75|-4|0.04|0|6|1
2019|9|28|77|66|72|81|69|75|-3|0|0|7|1
2019|9|29|76|67|72|81|69|75|-3|0.2|0|7|2
2019|9|30|76|68|72|81|69|75|-3|0.83|0|7|4
2019|10|1|76|65|71|81|69|75|-4|0|0|6|1
2019|10|2|80|63|72|81|69|75|-3|0|0|7|1
2019|10|3|83|65|74|81|69|75|-1|0.04|0|9|1
2019|10|4|80|70|75|81|69|75|0|1.22|0|10|5
2019|10|5|81|69|75|81|69|75|0|0|0|10|1
2019|10|6|81|70|76|81|69|75|1|0|0|11|1
2019|10|7|83|72|78|81|69|75|3|0|0|13|1
2019|10|8|86|72|79|81|70|76|3|0|0|14|1
2019|10|9|82|73|78|82|70|76|2|0|0|13|1
2019|10|10|84|69|77|82|70|76|1|0|0|12|1
2019|10|11|82|68|75|82|70|76|-1|0|0|10|1
2019|10|12|84|71|78|82|70|76|2|0|0|13|1
2019|10|13|84|72|78|82|70|76|2|0|0|13|1
2019|10|14|85|69|77|82|70|76|1|0|0|12|1
2019|10|15|85|73|79|82|70|76|3|0.08|0|14|1
2019|10|16|83|66|75|82|70|76|-1|0|0|10|1
2019|10|17|83|65|74|82|70|76|-2|0|0|9|1
2019|10|18|85|70|78|82|70|76|2|0|0|13|1
2019|10|19|81|73|77|82|70|76|1|0|0|12|1
2019|10|20|78|71|75|82|70|76|-1|0|0|10|1
2019|10|21|76|69|73|82|70|76|-3|0.08|0|8|1
2019|10|22|82|69|76|83|71|77|-1|0.04|0|11|1
2019|10|23|77|71|74|83|71|77|-3|0.04|0|9|1
2019|10|24|78|68|73|83|71|77|-4|0|0|8|1
2019|10|25|84|68|76|83|71|77|-1|0|0|11|1
2019|10|26|89|74|82|83|71|77|5|0|0|17|1
2019|10|27|85|74|80|83|71|77|3|0|0|15|1
2019|10|28|86|74|80|83|71|77|3|0|0|15|1
2019|10|29|91|76|84|83|71|77|7|0|0|19|1
2019|10|30|86|74|80|83|71|77|3|0|0|15|1
2019|10|31|86|73|80|83|71|77|3|0|0|15|1
2019|11|1|89|75|82|83|71|77|5|0.16|0|17|2
2019|11|2|82|70|76|83|71|77|-1|0|0|11|1
2019|11|3|89|70|80|83|71|77|3|0|0|15|1
2019|11|4|96|73|85|83|71|77|8|0|0|20|1
2019|11|5|96|75|86|83|71|77|9|0|0|21|1
2019|11|6|84|74|79|83|72|78|1|0|0|14|1
2019|11|7|83|76|80|84|72|78|2|0|0|15|1
2019|11|8|91|74|83|84|72|78|5|0|0|18|1
2019|11|9|90|76|83|84|72|78|5|0|0|18|1
2019|11|10|91|75|83|84|72|78|5|0|0|18|1
2019|11|11|90|72|81|84|72|78|3|0.98|0|16|4
2019|11|12|78|71|75|84|72|78|-3|3.54|0|10|6
2019|11|13|76|71|74|84|72|78|-4|2.52|0|9|6
2019|11|14|79|73|76|84|72|78|-2|0.24|0|11|2
2019|11|15|82|73|78|84|72|78|0|0.08|0|13|1
2019|11|16|75|70|73|84|72|78|-5|0|0|8|1
2019|11|17|78|70|74|84|72|78|-4|0.31|0|9|3
2019|11|18|75|71|73|84|72|78|-5|0.39|0|8|3
2019|11|19|79|71|75|84|72|78|-3|1.73|0|10|5
2019|11|20|75|72|74|84|72|78|-4|3.19|0|9|6
2019|11|21|76|71|74|84|72|78|-4|2.32|0|9|6
2019|11|22|79|72|76|85|72|78|-2|0.79|0|11|4
2019|11|23|87|73|80|85|72|79|1|0.71|0|15|4
2019|11|24|77|69|73|85|72|79|-6|0|0|8|1
2019|11|25|77|69|73|85|72|79|-6|0|0|8|1
2019|11|26|76|64|70|85|73|79|-9|0|0|5|1
2019|11|27|82|63|73|85|73|79|-6|0|0|8|1
2019|11|28|89|73|81|85|73|79|2|0|0|16|1
2019|11|29|77|74|76|85|73|79|-3|0.08|0|11|1
2019|11|30|78|73|76|85|73|79|-3|0.12|0|11|2
2019|12|1|87|74|81|85|73|79|2|0.59|0|16|4
2019|12|2|78|73|76|85|73|79|-3|0.04|0|11|1
2019|12|3|74|70|72|85|73|79|-7|0.12|0|7|2
2019|12|4|76|69|73|85|73|79|-6|0.08|0|8|1
2019|12|5|84|71|78|85|73|79|-1|0|0|13|1
2019|12|6|84|71|78|85|73|79|-1|1.61|0|13|5
2019|12|7|74|69|72|86|73|79|-7|0.24|0|7|2
2019|12|8|76|71|74|86|73|79|-5|0|0|9|1
2019|12|9|80|77|79|86|73|79|0|0|0|14|1
2019|12|10|91|76|84|86|73|79|5|0|0|19|1
2019|12|11|90|76|83|86|73|79|4|0|0|18|1
2019|12|12|85|75|80|86|73|79|1|0|0|15|1
2019|12|13|90|75|83|86|73|79|4|0|0|18|1
2019|12|14|87|76|82|86|73|79|3|0|0|17|1
2019|12|15|85|74|80|86|73|80|0|0|0|15|1
2019|12|16|84|72|78|86|73|80|-2|0.04|0|13|1
2019|12|17|89|75|82|86|73|80|2|0|0|17|1
2019|12|18|89|75|82|86|73|80|2|0|0|17|1
2019|12|19|87|76|82|86|73|80|2|0|0|17|1
2019|12|20|87|76|82|86|73|80|2|0|0|17|1
2019|12|21|87|76|82|86|73|80|2|0|0|17|1
2019|12|22|91|77|84|86|73|80|4|0|0|19|1
2019|12|23|90|78|84|86|73|80|4|0|0|19|1
2019|12|24|86|72|79|86|73|80|-1|2.36|0|14|6
2019|12|25|83|71|77|87|73|80|-3|0|0|12|1
2019|12|26|87|72|80|87|73|80|0|0|0|15|1
2019|12|27|86|72|79|87|73|80|-1|0.39|0|14|3
2019|12|28|83|72|78|87|73|80|-2|0.24|0|13|2
2019|12|29|84|72|78|87|73|80|-2|0|0|13|1
2019|12|30|84|71|78|87|73|80|-2|0.16|0|13|2
2019|12|31|85|73|79|87|73|80|-1|0|0|14|1
